range_label,range_min,range_max,netlist_file,netlist_file_norm,fault_type,nodes,labeled_fault_nodes,final_clean_nodes,final_bridging_nodes,final_glitch_nodes,final_stuck_at_nodes,mean_path_depth,max_path_depth,mean_dist_to_PO,max_dist_to_PO,mean_fanout,max_fanout,mean_CC0_exact,mean_CC1_exact,mean_CO_exact,edges,mean_edge_fan_out,max_edge_fan_out,fault_node_density_percent,source_file,requested_k,effective_k,candidate_nets,feasible_fault_sites,capped,output_file,fault_nodes_minus_effective_k,metadata_matched
100-500,100,500,Priority.v,Priority.v,bridging,2270,454,1816,454,0,0,4.247577092511013,16,1.9740088105726872,8,1.3079295154185022,6,42750.259030837005,47598.40220264317,1.9740088105726872,2969,2.1559447625463117,6,20.0,Priority.v,454,454,1809,1635336,0,fault_injection_fig_faultsweep/100-500/bridging/bridging_k454_Priority.v,0,1
100-500,100,500,Priority.v,Priority.v,glitch,2270,454,1816,0,454,0,1.437444933920705,6,2.0973568281938326,12,1.1079295154185023,5,3.7259911894273126,4.085462555066079,2.0973568281938326,2515,1.8047713717693836,5,20.0,Priority.v,454,454,1809,1809,0,fault_injection_fig_faultsweep/100-500/glitch/glitch_k454_Priority.v,0,1
100-500,100,500,Priority.v,Priority.v,stuck_at,2270,454,1816,0,0,454,1.4700440528634362,6,2.054625550660793,9,1.1079295154185023,5,359033.1559471366,401764.56740088103,2.054625550660793,2515,1.8047713717693836,5,20.0,Priority.v,454,454,1809,1809,0,fault_injection_fig_faultsweep/100-500/stuck_at/stuck_at_k454_Priority.v,0,1
100-500,100,500,adder.v,adder.v,bridging,2538,376,2162,376,0,0,2.8289992119779352,10,1.7675334909377463,6,1.1993695823483057,4,7.376280535855004,7.98187549251379,1.7675334909377463,3044,1.7706964520367936,4,14.814814814814815,adder.v,376,376,2034,2067561,0,fault_injection_fig_faultsweep/100-500/bridging/bridging_k376_adder.v,0,1
100-500,100,500,adder.v,adder.v,glitch,2538,376,2162,0,376,0,1.429078014184397,5,1.8258471237194642,6,1.0512214342001576,3,3.491331757289204,3.7777777777777777,1.8258471237194642,2668,1.4767616191904047,3,14.814814814814815,adder.v,376,376,2034,2034,0,fault_injection_fig_faultsweep/100-500/glitch/glitch_k376_adder.v,0,1
100-500,100,500,adder.v,adder.v,stuck_at,2538,376,2162,0,0,376,1.4058313632781718,5,1.7970843183609142,6,1.0512214342001576,3,231287.3573680063,249806.07052797478,1.7970843183609142,2668,1.4767616191904047,3,14.814814814814815,adder.v,376,376,2034,2034,0,fault_injection_fig_faultsweep/100-500/stuck_at/stuck_at_k376_adder.v,0,1
100-500,100,500,arbiter.v,arbiter.v,bridging,23353,164,23189,164,0,0,2.929730655590288,7,49.78863529311009,169,1.4795529482293495,43,8.40984027748041,8.508157410182847,49.78863529311009,34552,13.543297059504514,43,0.7022652335888323,arbiter.v,164,164,23061,265893330,0,fault_injection_fig_faultsweep/100-500/bridging/bridging_k164_arbiter.v,0,1
100-500,100,500,arbiter.v,arbiter.v,glitch,23353,164,23189,0,164,0,2.8305999229221084,4,54.182032287072325,169,1.4725302958934612,42,7.901554404145077,7.986468547938166,54.182032287072325,34388,13.588577410724671,42,0.7022652335888323,arbiter.v,164,164,23061,23061,0,fault_injection_fig_faultsweep/100-500/glitch/glitch_k164_arbiter.v,0,1
100-500,100,500,arbiter.v,arbiter.v,stuck_at,23353,164,23189,0,0,164,2.841219543527598,4,55.230291611356144,169,1.4725302958934612,42,14438.516635978247,14352.97567764313,55.230291611356144,34388,13.588577410724671,42,0.7022652335888323,arbiter.v,164,164,23061,23061,0,fault_injection_fig_faultsweep/100-500/stuck_at/stuck_at_k164_arbiter.v,0,1
100-500,100,500,bar.v,bar.v,bridging,3059,100,2959,100,0,0,2.0438051650866296,7,3.8921216083687478,10,1.8345864661654134,257,5.7296502124877415,9.517162471395881,3.8921216083687478,5612,42.46792587312901,257,3.2690421706440014,bar.v,100,100,2831,4005865,0,fault_injection_fig_faultsweep/100-500/bridging/bridging_k100_bar.v,0,1
100-500,100,500,bar.v,bar.v,glitch,3059,100,2959,0,100,0,1.6907486106570775,4,3.9996730957829354,10,1.8018960444589736,256,4.849297155933312,6.5648904870872835,3.9996730957829354,5512,43.033381712627,256,3.2690421706440014,bar.v,100,100,2831,2831,0,fault_injection_fig_faultsweep/100-500/glitch/glitch_k100_bar.v,0,1
100-500,100,500,bar.v,bar.v,stuck_at,3059,100,2959,0,0,100,1.690421706440013,4,3.801569140241909,8,1.8018960444589736,256,41848.45962732919,47408.02190258254,3.801569140241909,5512,43.033381712627,256,3.2690421706440014,bar.v,100,100,2831,2831,0,fault_injection_fig_faultsweep/100-500/stuck_at/stuck_at_k100_bar.v,0,1
100-500,100,500,c1355.v,c1355.v,bridging,924,406,518,406,0,0,8.16125541125541,23,0.7521645021645021,4,1.405844155844156,9,76897.83874458875,73635.01082251083,0.7521645021645021,1299,3.340261739799846,9,43.93939393939394,c1355.v,406,406,559,155961,0,fault_injection_fig_faultsweep/100-500/bridging/bridging_k406_c1355.v,0,1
100-500,100,500,c1355.v,c1355.v,glitch,924,406,518,0,406,0,0.6114718614718615,3,0.6569264069264069,3,1.0562770562770563,8,2.2543290043290045,1.897186147186147,0.6569264069264069,976,2.9364754098360657,8,43.93939393939394,c1355.v,406,406,559,559,0,fault_injection_fig_faultsweep/100-500/glitch/glitch_k406_c1355.v,0,1
100-500,100,500,c1355.v,c1355.v,stuck_at,924,406,518,0,0,406,0.6038961038961039,3,0.6536796536796536,3,1.0898268398268398,8,602814.6103896104,396105.04545454547,0.6536796536796536,1007,3.025819265143992,8,43.93939393939394,c1355.v,406,406,559,559,0,fault_injection_fig_faultsweep/100-500/stuck_at/stuck_at_k406_c1355.v,0,1
100-500,100,500,c17.v,c17.v,bridging,61,55,6,55,0,0,1.8524590163934427,5,0.16393442622950818,1,0.9180327868852459,10,3.1475409836065573,2.8524590163934427,0.16393442622950818,56,7.0,10,90.1639344262295,c17.v,383,55,11,55,1,fault_injection_fig_faultsweep/100-500/bridging/bridging_k383_c17.v,0,1
100-500,100,500,c17.v,c17.v,glitch,17,11,6,0,11,0,0.35294117647058826,1,0.5294117647058824,1,0.7058823529411765,2,1.7058823529411764,1.3529411764705883,0.5294117647058824,12,1.5,2,64.70588235294117,c17.v,383,11,11,11,1,fault_injection_fig_faultsweep/100-500/glitch/glitch_k383_c17.v,0,1
100-500,100,500,c17.v,c17.v,stuck_at,17,11,6,0,0,11,0.35294117647058826,1,0.5294117647058824,1,0.7058823529411765,2,588235.9411764706,411765.5294117647,0.5294117647058824,12,1.5,2,64.70588235294117,c17.v,383,11,11,11,1,fault_injection_fig_faultsweep/100-500/stuck_at/stuck_at_k383_c17.v,0,1
100-500,100,500,c1908.v,c1908.v,bridging,752,273,479,273,0,0,6.2287234042553195,21,0.976063829787234,5,1.5824468085106382,16,217.00797872340425,134.22739361702128,0.976063829787234,1190,4.542857142857143,16,36.3031914893617,c1908.v,273,273,512,130816,0,fault_injection_fig_faultsweep/100-500/bridging/bridging_k273_c1908.v,0,1
100-500,100,500,c1908.v,c1908.v,glitch,752,273,479,0,273,0,0.7832446808510638,3,0.8736702127659575,4,1.235372340425532,16,2.9800531914893615,2.4574468085106385,0.8736702127659575,929,4.334768568353068,16,36.3031914893617,c1908.v,273,273,512,512,0,fault_injection_fig_faultsweep/100-500/glitch/glitch_k273_c1908.v,0,1
100-500,100,500,c1908.v,c1908.v,stuck_at,752,273,479,0,0,273,0.8178191489361702,3,0.8723404255319149,5,1.2553191489361701,16,553192.625,405586.4920212766,0.8723404255319149,944,4.288135593220339,16,36.3031914893617,c1908.v,273,273,512,512,0,fault_injection_fig_faultsweep/100-500/stuck_at/stuck_at_k273_c1908.v,0,1
100-500,100,500,c2670.v,c2670.v,bridging,930,231,699,231,0,0,2.318279569892473,11,1.867741935483871,8,1.40752688172043,20,8.919354838709678,10.072043010752688,1.867741935483871,1309,3.8693659281894575,20,24.838709677419356,c2670.v,231,231,1022,521731,0,fault_injection_fig_faultsweep/100-500/bridging/bridging_k231_c2670.v,0,1
100-500,100,500,c2670.v,c2670.v,glitch,930,231,699,0,231,0,1.1548387096774193,5,1.864516129032258,7,1.2236559139784946,20,4.2064516129032254,4.303225806451613,1.864516129032258,1138,3.8084358523725834,20,24.838709677419356,c2670.v,231,231,1022,1022,0,fault_injection_fig_faultsweep/100-500/glitch/glitch_k231_c2670.v,0,1
100-500,100,500,c2670.v,c2670.v,stuck_at,930,231,699,0,0,231,1.232258064516129,7,2.120430107526882,13,1.2795698924731183,21,379572.4666666667,405379.02795698924,2.120430107526882,1190,4.410084033613446,21,24.838709677419356,c2670.v,231,231,1022,1022,0,fault_injection_fig_faultsweep/100-500/stuck_at/stuck_at_k231_c2670.v,0,1
100-500,100,500,c3540.v,c3540.v,bridging,1495,452,1043,452,0,0,6.316387959866221,17,1.3558528428093646,7,1.5404682274247492,18,575927.2347826087,665558.054180602,1.3558528428093646,2303,4.329570125922709,18,30.234113712374583,c3540.v,452,452,1093,596778,0,fault_injection_fig_faultsweep/100-500/bridging/bridging_k452_c3540.v,0,1
100-500,100,500,c3540.v,c3540.v,glitch,1495,452,1043,0,452,0,0.9411371237458194,5,1.1832775919732441,6,1.2481605351170568,16,2.6729096989966554,3.1324414715719064,1.1832775919732441,1866,4.040728831725616,16,30.234113712374583,c3540.v,452,452,1093,1093,0,fault_injection_fig_faultsweep/100-500/glitch/glitch_k452_c3540.v,0,1
100-500,100,500,c3540.v,c3540.v,stuck_at,1495,452,1043,0,0,452,0.9525083612040134,4,1.3565217391304347,8,1.2722408026755854,17,436121.93244147155,532442.7665551839,1.3565217391304347,1902,4.360672975814932,17,30.234113712374583,c3540.v,452,452,1093,1093,0,fault_injection_fig_faultsweep/100-500/stuck_at/stuck_at_k452_c3540.v,0,1
100-500,100,500,c432.v,c432.v,bridging,407,236,171,236,0,0,3.3095823095823094,8,0.5110565110565111,3,1.2285012285012284,19,383295.94103194104,316957.199017199,0.5110565110565111,500,4.444,19,57.98525798525799,c432.v,236,236,207,21321,0,fault_injection_fig_faultsweep/100-500/bridging/bridging_k236_c432.v,0,1
100-500,100,500,c432.v,c432.v,glitch,378,207,171,0,207,0,0.4523809523809524,1,0.5370370370370371,1,0.917989417989418,18,1.7857142857142858,1.6322751322751323,0.5370370370370371,347,3.7435158501440924,18,54.76190476190476,c432.v,236,207,207,207,1,fault_injection_fig_faultsweep/100-500/glitch/glitch_k236_c432.v,0,1
100-500,100,500,c432.v,c432.v,stuck_at,378,207,171,0,0,207,0.4523809523809524,1,0.5370370370370371,1,0.917989417989418,18,497355.28571428574,502646.28042328043,0.5370370370370371,347,3.7435158501440924,18,54.76190476190476,c432.v,236,207,207,207,1,fault_injection_fig_faultsweep/100-500/stuck_at/stuck_at_k236_c432.v,0,1
100-500,100,500,c499.v,c499.v,bridging,626,452,174,452,0,0,6.9904153354632586,15,0.3274760383386581,2,1.231629392971246,11,290743.1677316294,541537.9792332269,0.3274760383386581,771,5.243839169909209,11,72.20447284345047,c499.v,452,452,215,23005,0,fault_injection_fig_faultsweep/100-500/bridging/bridging_k452_c499.v,0,1
100-500,100,500,c499.v,c499.v,glitch,389,215,174,0,215,0,0.4473007712082262,1,0.4704370179948586,1,0.9665809768637532,8,1.7300771208226222,1.9511568123393317,0.4704370179948586,376,3.425531914893617,8,55.26992287917738,c499.v,452,215,215,215,1,fault_injection_fig_faultsweep/100-500/glitch/glitch_k452_c499.v,0,1
100-500,100,500,c499.v,c499.v,stuck_at,389,215,174,0,0,215,0.4473007712082262,1,0.4704370179948586,1,0.9665809768637532,8,444730.9794344473,555270.763496144,0.4704370179948586,376,3.425531914893617,8,55.26992287917738,c499.v,452,215,215,215,1,fault_injection_fig_faultsweep/100-500/stuck_at/stuck_at_k452_c499.v,0,1
100-500,100,500,c5315.v,c5315.v,bridging,1995,409,1586,409,0,0,3.2280701754385963,9,1.7228070175438597,10,1.5954887218045113,42,2531.2045112781957,3537.327819548872,1.7228070175438597,3183,5.806786050895382,42,20.50125313283208,c5315.v,409,409,1783,1588653,0,fault_injection_fig_faultsweep/100-500/bridging/bridging_k409_c5315.v,0,1
100-500,100,500,c5315.v,c5315.v,glitch,1995,409,1586,0,409,0,1.1884711779448622,5,1.650125313283208,9,1.3964912280701753,42,4.075689223057644,3.994486215538847,1.650125313283208,2786,5.873653984206748,42,20.50125313283208,c5315.v,409,409,1783,1783,0,fault_injection_fig_faultsweep/100-500/glitch/glitch_k409_c5315.v,0,1
100-500,100,500,c5315.v,c5315.v,stuck_at,1995,409,1586,0,0,409,1.1949874686716793,5,1.7513784461152881,12,1.4170426065162907,42,364413.6701754386,360403.74686716794,1.7513784461152881,2827,6.114255394411036,42,20.50125313283208,c5315.v,409,409,1783,1783,0,fault_injection_fig_faultsweep/100-500/stuck_at/stuck_at_k409_c5315.v,0,1
100-500,100,500,c6288.v,c6288.v,bridging,2737,384,2353,384,0,0,3.906101571063208,11,2.1286079649251004,7,1.7073438070880527,16,103.86481549141396,183.57983193277312,2.1286079649251004,4673,2.677295099507811,16,14.029959810010961,c6288.v,384,384,2385,2842920,0,fault_injection_fig_faultsweep/100-500/bridging/bridging_k384_c6288.v,0,1
100-500,100,500,c6288.v,c6288.v,glitch,2737,384,2353,0,384,0,1.4760686883449032,5,2.1074168797953963,8,1.567409572524662,16,4.286810376324443,7.123492875411034,2.1074168797953963,4290,2.473193473193473,16,14.029959810010961,c6288.v,384,384,2385,2385,0,fault_injection_fig_faultsweep/100-500/glitch/glitch_k384_c6288.v,0,1
100-500,100,500,c6288.v,c6288.v,stuck_at,2737,384,2353,0,0,384,1.4373401534526855,5,2.195104128607965,8,1.5498721227621484,16,167344.20387285348,330664.07489952503,2.195104128607965,4242,2.32013201320132,16,14.029959810010961,c6288.v,384,384,2385,2385,0,fault_injection_fig_faultsweep/100-500/stuck_at/stuck_at_k384_c6288.v,0,1
100-500,100,500,c7552.v,c7552.v,bridging,2521,190,2331,190,0,0,3.0138833796112654,10,3.4093613645378817,19,1.710829036096787,90,14.186433954779849,14.665608885362952,3.4093613645378817,4313,5.261998608856944,90,7.53669178897263,c7552.v,190,190,2588,3347578,0,fault_injection_fig_faultsweep/100-500/bridging/bridging_k190_c7552.v,0,1
100-500,100,500,c7552.v,c7552.v,glitch,2521,190,2331,0,190,0,2.1344704482348273,8,3.403808012693376,16,1.6473621578738595,90,8.796112653708846,9.448234827449426,3.403808012693376,4153,5.3115819889236695,90,7.53669178897263,c7552.v,190,190,2588,2588,0,fault_injection_fig_faultsweep/100-500/glitch/glitch_k190_c7552.v,0,1
100-500,100,500,c7552.v,c7552.v,stuck_at,2521,190,2331,0,0,190,2.188813962713209,7,3.6755255850852837,22,1.6937723125743753,115,358595.1753272511,316151.52994843316,3.6755255850852837,4270,8.263700234192038,115,7.53669178897263,c7552.v,190,190,2588,2588,0,fault_injection_fig_faultsweep/100-500/stuck_at/stuck_at_k190_c7552.v,0,1
100-500,100,500,c880.v,c880.v,bridging,519,196,323,196,0,0,4.393063583815029,13,1.0674373795761078,6,1.420038535645472,9,102141.57418111754,92507.55491329479,1.0674373795761078,737,3.1899592944369064,9,37.76493256262042,c880.v,196,196,383,73153,0,fault_injection_fig_faultsweep/100-500/bridging/bridging_k196_c880.v,0,1
100-500,100,500,c880.v,c880.v,glitch,519,196,323,0,196,0,0.7418111753371869,4,0.9094412331406551,4,1.0443159922928709,8,2.352601156069364,2.433526011560694,0.9094412331406551,542,2.6494464944649447,8,37.76493256262042,c880.v,196,196,383,383,0,fault_injection_fig_faultsweep/100-500/glitch/glitch_k196_c880.v,0,1
100-500,100,500,c880.v,c880.v,stuck_at,519,196,323,0,0,196,0.7610789980732178,3,0.8747591522157996,4,1.1078998073217727,8,450868.310211946,520232.28323699423,0.8747591522157996,575,2.8643478260869566,8,37.76493256262042,c880.v,196,196,383,383,0,fault_injection_fig_faultsweep/100-500/stuck_at/stuck_at_k196_c880.v,0,1
100-500,100,500,cavlc.v,cavlc.v,bridging,1368,127,1241,127,0,0,2.9466374269005846,9,4.779239766081871,26,1.345029239766082,37,2200.4853801169593,1470.2229532163742,4.779239766081871,1840,5.160869565217391,37,9.283625730994151,cavlc.v,127,127,1230,755835,0,fault_injection_fig_faultsweep/100-500/bridging/bridging_k127_cavlc.v,0,1
100-500,100,500,cavlc.v,cavlc.v,glitch,1368,127,1241,0,127,0,2.02046783625731,8,5.498538011695906,22,1.2521929824561404,37,4.654239766081871,4.9714912280701755,5.498538011695906,1713,5.276707530647986,37,9.283625730994151,cavlc.v,127,127,1230,1230,0,fault_injection_fig_faultsweep/100-500/glitch/glitch_k127_cavlc.v,0,1
100-500,100,500,cavlc.v,cavlc.v,stuck_at,1368,127,1241,0,0,127,2.0080409356725144,7,6.098684210526316,25,1.2521929824561404,37,178366.68421052632,191524.92032163742,6.098684210526316,1713,5.276707530647986,37,9.283625730994151,cavlc.v,127,127,1230,1230,0,fault_injection_fig_faultsweep/100-500/stuck_at/stuck_at_k127_cavlc.v,0,1
100-500,100,500,ctrl.v,ctrl.v,bridging,709,403,306,403,0,0,4.6417489421720735,5,0.4922425952045134,3,1.1142454160789845,23,881523.6248236954,906911.4033850493,0.4922425952045134,790,4.584810126582278,23,56.84062059238364,ctrl.v,403,403,296,43660,0,fault_injection_fig_faultsweep/100-500/bridging/bridging_k403_ctrl.v,0,1
100-500,100,500,ctrl.v,ctrl.v,glitch,602,296,306,0,296,0,0.4833887043189369,1,0.46677740863787376,1,0.6495016611295681,23,1.4916943521594683,1.6411960132890366,0.46677740863787376,391,3.772378516624041,23,49.16943521594684,ctrl.v,403,296,296,296,1,fault_injection_fig_faultsweep/100-500/glitch/glitch_k403_ctrl.v,0,1
100-500,100,500,ctrl.v,ctrl.v,stuck_at,602,296,306,0,0,296,0.4833887043189369,1,0.46677740863787376,1,0.6495016611295681,23,448505.82059800666,526578.7790697674,0.46677740863787376,391,3.772378516624041,23,49.16943521594684,ctrl.v,403,296,296,296,1,fault_injection_fig_faultsweep/100-500/stuck_at/stuck_at_k403_ctrl.v,0,1
100-500,100,500,dec.v,dec.v,bridging,743,431,312,431,0,0,3.430686406460296,8,0.07537012113055182,1,1.3768506056527592,32,4.430686406460296,6.585464333781965,0.07537012113055182,1023,21.330400782013687,32,58.008075370121134,dec.v,431,431,56,1540,0,fault_injection_fig_faultsweep/100-500/bridging/bridging_k431_dec.v,0,1
100-500,100,500,dec.v,dec.v,glitch,368,56,312,0,56,0,0.8152173913043478,1,0.15217391304347827,1,1.608695652173913,16,1.815217391304348,2.608695652173913,0.15217391304347827,592,14.324324324324325,16,15.217391304347826,dec.v,431,56,56,56,1,fault_injection_fig_faultsweep/100-500/glitch/glitch_k431_dec.v,0,1
100-500,100,500,dec.v,dec.v,stuck_at,368,56,312,0,0,56,0.8152173913043478,1,0.15217391304347827,1,1.608695652173913,16,288044.79347826086,679348.5597826086,0.15217391304347827,592,14.324324324324325,16,15.217391304347826,dec.v,431,56,56,56,1,fault_injection_fig_faultsweep/100-500/stuck_at/stuck_at_k431_dec.v,0,1
100-500,100,500,div.v,div.v,bridging,101479,494,100985,494,0,0,4.619300544940333,11,16.637767419860268,67,1.519545915903783,1124,177.6600577459376,179.5649740340366,16.637767419860268,154202,15.84537165536115,1124,0.48680022467702677,div.v,494,494,100857,5086016796,0,fault_injection_fig_faultsweep/100-500/bridging/bridging_k494_div.v,0,1
100-500,100,500,div.v,div.v,glitch,101479,494,100985,0,494,0,4.452054119571537,11,17.89270686545985,130,1.5146779136570128,1124,122.76384276549828,124.01129297687206,17.89270686545985,153708,15.883922762640852,1124,0.48680022467702677,div.v,494,494,100857,100857,0,fault_injection_fig_faultsweep/100-500/glitch/glitch_k494_div.v,0,1
100-500,100,500,div.v,div.v,stuck_at,101479,494,100985,0,0,494,4.4500044344150025,10,17.904768474265612,115,1.5146779136570128,1124,9286.863400309423,9959.78947368421,17.904768474265612,153708,15.883922762640852,1124,0.48680022467702677,div.v,494,494,100857,100857,0,fault_injection_fig_faultsweep/100-500/stuck_at/stuck_at_k494_div.v,0,1
100-500,100,500,i2c.v,i2c.v,bridging,2327,305,2022,305,0,0,2.913622690159003,11,2.771809196390202,17,1.3841856467554792,95,60171.07004727116,81660.54103996562,2.771809196390202,3221,7.315429990686122,95,13.10700472711646,i2c.v,305,305,2184,2383836,0,fault_injection_fig_faultsweep/100-500/bridging/bridging_k305_i2c.v,0,1
100-500,100,500,i2c.v,i2c.v,glitch,2327,305,2022,0,305,0,1.6222604211431026,6,2.8577567683712934,17,1.2273313278899871,95,4.22990975504942,5.069187795444779,2.8577567683712934,2856,6.810224089635854,95,13.10700472711646,i2c.v,305,305,2184,2184,0,fault_injection_fig_faultsweep/100-500/glitch/glitch_k305_i2c.v,0,1
100-500,100,500,i2c.v,i2c.v,stuck_at,2327,305,2022,0,0,305,1.660077352814783,7,2.8891276321443917,17,1.232058444348947,95,226045.1005586592,304257.7189514396,2.8891276321443917,2867,6.792814788978026,95,13.10700472711646,i2c.v,305,305,2184,2184,0,fault_injection_fig_faultsweep/100-500/stuck_at/stuck_at_k305_i2c.v,0,1
100-500,100,500,int2float.v,int2float.v,bridging,766,359,407,359,0,0,6.4164490861618795,17,0.7271540469973891,5,1.1514360313315928,16,276768.8146214099,298962.2663185379,0.7271540469973891,882,3.834467120181406,16,46.866840731070496,int2float.v,359,359,400,79800,0,fault_injection_fig_faultsweep/100-500/bridging/bridging_k359_int2float.v,0,1
100-500,100,500,int2float.v,int2float.v,glitch,766,359,407,0,359,0,0.5195822454308094,2,0.5757180156657964,3,0.6827676240208878,16,1.5430809399477807,1.7323759791122715,0.5757180156657964,523,3.0726577437858507,16,46.866840731070496,int2float.v,359,359,400,400,0,fault_injection_fig_faultsweep/100-500/glitch/glitch_k359_int2float.v,0,1
100-500,100,500,int2float.v,int2float.v,stuck_at,766,359,407,0,0,359,0.5169712793733682,2,0.5678851174934726,4,0.6827676240208878,16,438643.1527415144,509139.16840731073,0.5678851174934726,523,3.0726577437858507,16,46.866840731070496,int2float.v,359,359,400,400,0,fault_injection_fig_faultsweep/100-500/stuck_at/stuck_at_k359_int2float.v,0,1
100-500,100,500,log2.v,log2.v,bridging,47199,453,46746,453,0,0,8.304370855314732,23,13.541558083857709,71,1.636835526176402,118,1035.0015042691582,1177.0312930358693,13.541558083857709,77257,11.7759296892191,118,0.9597660967393377,log2.v,453,453,46714,1091075541,0,fault_injection_fig_faultsweep/100-500/bridging/bridging_k453_log2.v,0,1
100-500,100,500,log2.v,log2.v,glitch,47199,453,46746,0,453,0,6.795461768257802,21,14.0189198923706,84,1.6272378652090087,118,268.75944405601814,304.9216720693235,14.0189198923706,76804,11.82079058382376,118,0.9597660967393377,log2.v,453,453,46714,46714,0,fault_injection_fig_faultsweep/100-500/glitch/glitch_k453_log2.v,0,1
100-500,100,500,log2.v,log2.v,stuck_at,47199,453,46746,0,0,453,6.837242314455815,20,15.08120934765567,113,1.6272378652090087,118,39492.80052543486,51852.81635204136,15.08120934765567,76804,11.82079058382376,118,0.9597660967393377,log2.v,453,453,46714,46714,0,fault_injection_fig_faultsweep/100-500/stuck_at/stuck_at_k453_log2.v,0,1
100-500,100,500,max.v,max.v,bridging,5332,269,5063,269,0,0,4.160915228807202,13,7.145723930982745,41,1.2293698424606152,129,11.278507126781696,11.88953488372093,7.145723930982745,6555,13.71212814645309,129,5.045011252813203,max.v,269,269,4933,12164778,0,fault_injection_fig_faultsweep/100-500/bridging/bridging_k269_max.v,0,1
100-500,100,500,max.v,max.v,glitch,5332,269,5063,0,269,0,3.1864216054013506,10,9.619279819954988,46,1.1789197299324832,129,9.22543135783946,9.502625656414104,9.619279819954988,6286,14.159720012726694,129,5.045011252813203,max.v,269,269,4933,4933,0,fault_injection_fig_faultsweep/100-500/glitch/glitch_k269_max.v,0,1
100-500,100,500,max.v,max.v,stuck_at,5332,269,5063,0,0,269,3.153788447111778,10,13.231995498874719,83,1.1789197299324832,129,80468.38915978995,87595.25656414103,13.231995498874719,6286,14.159720012726694,129,5.045011252813203,max.v,269,269,4933,4933,0,fault_injection_fig_faultsweep/100-500/stuck_at/stuck_at_k269_max.v,0,1
100-500,100,500,memctrl.v,memctrl.v,bridging,81751,398,81353,398,0,0,3.469290895524214,12,17.722535504152855,98,1.4192119974067596,321,24.372117772259667,25.542501009161967,17.722535504152855,116022,13.251400596438607,321,0.4868441976244939,memctrl.v,398,398,82792,3427216236,0,fault_injection_fig_faultsweep/100-500/bridging/bridging_k398_memctrl.v,0,1
100-500,100,500,memctrl.v,memctrl.v,glitch,81751,398,81353,0,398,0,3.33988575063302,12,18.05221954471505,101,1.4143435554305146,321,18.233354943670413,18.978630230822866,18.05221954471505,115624,13.277831592057012,321,0.4868441976244939,memctrl.v,398,398,82792,82792,0,fault_injection_fig_faultsweep/100-500/glitch/glitch_k398_memctrl.v,0,1
100-500,100,500,memctrl.v,memctrl.v,stuck_at,81751,398,81353,0,0,398,3.3429927462661007,12,18.460667147802475,101,1.4127411285488862,321,14195.951584690096,14771.459933211827,18.460667147802475,115493,13.232135280926117,321,0.4868441976244939,memctrl.v,398,398,82792,82792,0,fault_injection_fig_faultsweep/100-500/stuck_at/stuck_at_k398_memctrl.v,0,1
100-500,100,500,multiplier.v,multiplier.v,bridging,43218,244,42974,244,0,0,10.180711740478504,22,15.55250127261789,49,1.4582581331852469,65,157.31639594613355,158.63563792864085,15.55250127261789,63023,7.314520095838027,65,0.564579573325929,multiplier.v,244,244,42846,917868435,0,fault_injection_fig_faultsweep/100-500/bridging/bridging_k244_multiplier.v,0,1
100-500,100,500,multiplier.v,multiplier.v,glitch,43218,244,42974,0,244,0,8.567518163728076,19,16.090101346661115,48,1.4526123374519877,65,114.2647739367856,115.16275625896617,16.090101346661115,62779,7.329250226986732,65,0.564579573325929,multiplier.v,244,244,42846,42846,0,fault_injection_fig_faultsweep/100-500/glitch/glitch_k244_multiplier.v,0,1
100-500,100,500,multiplier.v,multiplier.v,stuck_at,43218,244,42974,0,0,244,8.683742884909066,19,15.376949419223472,48,1.4526123374519877,65,23586.268383543895,25368.864315794344,15.376949419223472,62779,7.329250226986732,65,0.564579573325929,multiplier.v,244,244,42846,42846,0,fault_injection_fig_faultsweep/100-500/stuck_at/stuck_at_k244_multiplier.v,0,1
100-500,100,500,router.v,router.v,bridging,552,187,365,187,0,0,3.9981884057971016,13,1.1068840579710144,5,1.2173913043478262,5,94211.2536231884,117766.24456521739,1.1068840579710144,672,2.2470238095238093,5,33.8768115942029,router.v,187,187,362,65341,0,fault_injection_fig_faultsweep/100-500/bridging/bridging_k187_router.v,0,1
100-500,100,500,router.v,router.v,glitch,552,187,365,0,187,0,0.7572463768115942,5,1.0996376811594204,5,0.8786231884057971,4,2.003623188405797,2.6268115942028984,1.0996376811594204,485,1.5649484536082474,4,33.8768115942029,router.v,187,187,362,362,0,fault_injection_fig_faultsweep/100-500/glitch/glitch_k187_router.v,0,1
100-500,100,500,router.v,router.v,stuck_at,552,187,365,0,0,187,0.8405797101449275,5,1.088768115942029,5,0.8786231884057971,4,389493.9438405797,476450.3369565217,1.088768115942029,485,1.5649484536082474,4,33.8768115942029,router.v,187,187,362,362,0,fault_injection_fig_faultsweep/100-500/stuck_at/stuck_at_k187_router.v,0,1
100-500,100,500,sin.v,sin.v,bridging,7801,146,7655,146,0,0,8.257659274451994,21,8.553903345724907,29,1.6847840020510192,65,18713.048839892323,10715.181771567748,8.553903345724907,13143,4.928935555048315,65,1.8715549288552749,sin.v,146,146,7630,29104635,0,fault_injection_fig_faultsweep/100-500/bridging/bridging_k146_sin.v,0,1
100-500,100,500,sin.v,sin.v,glitch,7801,146,7655,0,146,0,5.583386745289065,15,8.74593000897321,58,1.6660684527624663,65,102.33803358543777,118.36726060761441,8.74593000897321,12997,4.93213818573517,65,1.8715549288552749,sin.v,146,146,7630,7630,0,fault_injection_fig_faultsweep/100-500/glitch/glitch_k146_sin.v,0,1
100-500,100,500,sin.v,sin.v,stuck_at,7801,146,7655,0,0,146,5.579028329701321,17,8.596846558133572,30,1.6660684527624663,65,78870.25535187796,119150.13100884503,8.596846558133572,12997,4.93213818573517,65,1.8715549288552749,sin.v,146,146,7630,7630,0,fault_injection_fig_faultsweep/100-500/stuck_at/stuck_at_k146_sin.v,0,1
100-500,100,500,sqrt.v,sqrt.v,bridging,37058,261,36797,261,0,0,4.0731555939338335,11,13.036672243510173,93,1.6458794322413515,5672,1386227.376409952,1466449.462976955,13.036672243510173,60993,530.4187201810043,5672,0.7043013654271683,sqrt.v,261,261,36733,674638278,0,fault_injection_fig_faultsweep/100-500/bridging/bridging_k261_sqrt.v,0,1
100-500,100,500,sqrt.v,sqrt.v,glitch,37058,261,36797,0,261,0,3.8938960548329646,8,14.360542932700092,136,1.6388364185870796,5672,1331488.1964757948,1398532.7272923526,14.360542932700092,60732,532.681782256471,5672,0.7043013654271683,sqrt.v,261,261,36733,36733,0,fault_injection_fig_faultsweep/100-500/glitch/glitch_k261_sqrt.v,0,1
100-500,100,500,sqrt.v,sqrt.v,stuck_at,37058,261,36797,0,0,261,3.897619947109936,8,13.839224998650764,90,1.6388364185870796,5672,4672010.800340008,5151781.192832856,13.839224998650764,60732,532.681782256471,5672,0.7043013654271683,sqrt.v,261,261,36733,36733,0,fault_injection_fig_faultsweep/100-500/stuck_at/stuck_at_k261_sqrt.v,0,1
100-500,100,500,square.v,square.v,bridging,35412,150,35262,150,0,0,6.929374223427087,25,14.002710945442223,33,1.3965322489551564,40,115.34739636281486,117.40638766519824,14.002710945442223,49454,2.642172523961661,40,0.4235852253473399,square.v,150,150,35136,617251680,0,fault_injection_fig_faultsweep/100-500/bridging/bridging_k150_square.v,0,1
100-500,100,500,square.v,square.v,glitch,35412,150,35262,0,150,0,6.183807748785722,23,14.142211679656613,33,1.392296396701683,40,99.65249068112504,101.41096238563199,14.142211679656613,49304,2.6387311374330684,40,0.4235852253473399,square.v,150,150,35136,35136,0,fault_injection_fig_faultsweep/100-500/glitch/glitch_k150_square.v,0,1
100-500,100,500,square.v,square.v,stuck_at,35412,150,35262,0,0,150,6.323364961030159,23,15.597113972664634,34,1.392296396701683,40,8905.003614593923,8935.517423472269,15.597113972664634,49304,2.6387311374330684,40,0.4235852253473399,square.v,150,150,35136,35136,0,fault_injection_fig_faultsweep/100-500/stuck_at/stuck_at_k150_square.v,0,1
100-500,100,500,voter.v,voter.v,bridging,26149,156,25993,156,0,0,8.8308921947302,32,14.134192512141956,39,1.411258556732571,5,1138.163180236338,1245.911315920303,14.134192512141956,36903,1.7275289271874916,5,0.5965811312096065,voter.v,156,156,25993,337805028,0,fault_injection_fig_faultsweep/100-500/bridging/bridging_k156_voter.v,0,1
100-500,100,500,voter.v,voter.v,glitch,26149,156,25993,0,156,0,6.907759378943745,23,15.842670847833569,38,1.4052927454204749,5,699.2723622318254,766.9239359057708,15.842670847833569,36747,1.7186436988053446,5,0.5965811312096065,voter.v,156,156,25993,25993,0,fault_injection_fig_faultsweep/100-500/glitch/glitch_k156_voter.v,0,1
100-500,100,500,voter.v,voter.v,stuck_at,26149,156,25993,0,0,156,6.753107193391717,24,15.665876324142415,43,1.4052927454204749,5,14378.273700715132,14946.813262457455,15.665876324142415,36747,1.7186436988053446,5,0.5965811312096065,voter.v,156,156,25993,25993,0,fault_injection_fig_faultsweep/100-500/stuck_at/stuck_at_k156_voter.v,0,1
1000-2000,1000,2000,Priority.v,Priority.v,bridging,3314,1498,1816,1498,0,0,8.416415208207605,30,0.7263126131563066,4,1.2109233554616778,7,116200.62130356065,167504.07785153892,0.7263126131563066,4013,2.820084724644904,7,45.2021726010863,Priority.v,1498,1498,1809,1635336,0,fault_injection_fig_faultsweep/1000-2000/bridging/bridging_k1498_Priority.v,0,1
1000-2000,1000,2000,Priority.v,Priority.v,glitch,3314,1498,1816,0,1498,0,0.5657815328907665,3,0.6267350633675317,4,0.7589016294508147,5,1.6216053108026554,1.8934821967410984,0.6267350633675317,2515,1.8047713717693836,5,45.2021726010863,Priority.v,1498,1498,1809,1809,0,fault_injection_fig_faultsweep/1000-2000/glitch/glitch_k1498_Priority.v,0,1
1000-2000,1000,2000,Priority.v,Priority.v,stuck_at,3314,1498,1816,0,0,1498,0.5636692818346409,3,0.6243210621605311,4,0.7589016294508147,5,429391.401931201,517200.5793602897,0.6243210621605311,2515,1.8047713717693836,5,45.2021726010863,Priority.v,1498,1498,1809,1809,0,fault_injection_fig_faultsweep/1000-2000/stuck_at/stuck_at_k1498_Priority.v,0,1
1000-2000,1000,2000,adder.v,adder.v,bridging,4123,1961,2162,1961,0,0,5.8341013824884795,20,0.5915595440213437,3,1.1227261702643705,6,258.72641280620905,749.874848411351,0.5915595440213437,4629,2.7705767984445884,6,47.562454523405286,adder.v,1961,1961,2034,2067561,0,fault_injection_fig_faultsweep/1000-2000/bridging/bridging_k1961_adder.v,0,1
1000-2000,1000,2000,adder.v,adder.v,glitch,4123,1961,2162,0,1961,0,0.4387581857870483,2,0.5023041474654378,3,0.6471016250303178,3,1.4482173174872666,1.6701430996846955,0.5023041474654378,2668,1.4767616191904047,3,47.562454523405286,adder.v,1961,1961,2034,2034,0,fault_injection_fig_faultsweep/1000-2000/glitch/glitch_k1961_adder.v,0,1
1000-2000,1000,2000,adder.v,adder.v,stuck_at,4123,1961,2162,0,0,1961,0.4375454765947126,2,0.5030317729808392,2,0.6471016250303178,3,398982.19524617994,505457.91753577493,0.5030317729808392,2668,1.4767616191904047,3,47.562454523405286,adder.v,1961,1961,2034,2034,0,fault_injection_fig_faultsweep/1000-2000/stuck_at/stuck_at_k1961_adder.v,0,1
1000-2000,1000,2000,arbiter.v,arbiter.v,bridging,24473,1284,23189,1284,0,0,3.134679034037511,10,10.464471049728273,84,1.4576063416826708,44,10.14342336452417,10.5457442896253,10.464471049728273,35672,13.254429244225163,44,5.2465982919952605,arbiter.v,1284,1284,23061,265893330,0,fault_injection_fig_faultsweep/1000-2000/bridging/bridging_k1284_arbiter.v,0,1
1000-2000,1000,2000,arbiter.v,arbiter.v,glitch,24473,1284,23189,0,1284,0,2.434928288317738,4,14.369877007314184,104,1.405140358762718,42,6.725166510031463,6.9600784538062355,14.369877007314184,34388,13.588577410724671,42,5.2465982919952605,arbiter.v,1284,1284,23061,23061,0,fault_injection_fig_faultsweep/1000-2000/glitch/glitch_k1284_arbiter.v,0,1
1000-2000,1000,2000,arbiter.v,arbiter.v,stuck_at,24473,1284,23189,0,0,1284,2.4721121235647447,4,14.868589874555633,118,1.405140358762718,42,131579.57254934008,141509.15780656235,14.868589874555633,34388,13.588577410724671,42,5.2465982919952605,arbiter.v,1284,1284,23061,23061,0,fault_injection_fig_faultsweep/1000-2000/stuck_at/stuck_at_k1284_arbiter.v,0,1
1000-2000,1000,2000,bar.v,bar.v,bridging,4935,1976,2959,1976,0,0,4.9614994934143875,18,0.7925025329280648,4,1.5173252279635259,256,105380.93596757852,485929.67517730495,0.7925025329280648,7488,33.03445512820513,256,40.04052684903749,bar.v,1976,1976,2831,4005865,0,fault_injection_fig_faultsweep/1000-2000/bridging/bridging_k1976_bar.v,0,1
1000-2000,1000,2000,bar.v,bar.v,glitch,4935,1976,2959,0,1976,0,0.6214792299898683,3,0.7094224924012158,4,1.116919959473151,256,1.7612968591691995,2.3566362715298887,0.7094224924012158,5512,43.033381712627,256,40.04052684903749,bar.v,1976,1976,2831,2831,0,fault_injection_fig_faultsweep/1000-2000/glitch/glitch_k1976_bar.v,0,1
1000-2000,1000,2000,bar.v,bar.v,stuck_at,4935,1976,2959,0,0,1976,0.6435663627152989,3,0.737791286727457,4,1.116919959473151,256,346910.99270516715,616211.4494427558,0.737791286727457,5512,43.033381712627,256,40.04052684903749,bar.v,1976,1976,2831,2831,0,fault_injection_fig_faultsweep/1000-2000/stuck_at/stuck_at_k1976_bar.v,0,1
1000-2000,1000,2000,c1355.v,c1355.v,bridging,2097,1579,518,1579,0,0,3.9651883643299954,4,0.26895565092989987,2,1.239866475917978,14,988078.2412970911,984263.2799237005,0.26895565092989987,2600,5.8392307692307694,14,75.29804482594182,c1355.v,1579,1579,559,155961,0,fault_injection_fig_faultsweep/1000-2000/bridging/bridging_k1579_c1355.v,0,1
1000-2000,1000,2000,c1355.v,c1355.v,glitch,1077,559,518,0,559,0,0.4809656453110492,1,0.489322191272052,1,0.958217270194986,8,1.8727948003714021,1.5663881151346333,0.489322191272052,1032,3.0930232558139537,8,51.903435468895076,c1355.v,1579,559,559,559,1,fault_injection_fig_faultsweep/1000-2000/glitch/glitch_k1579_c1355.v,0,1
1000-2000,1000,2000,c1355.v,c1355.v,stuck_at,1077,559,518,0,0,559,0.4809656453110492,1,0.489322191272052,1,0.958217270194986,8,590529.9090064996,409471.68709377904,0.489322191272052,1032,3.0930232558139537,8,51.903435468895076,c1355.v,1579,559,559,559,1,fault_injection_fig_faultsweep/1000-2000/stuck_at/stuck_at_k1579_c1355.v,0,1
1000-2000,1000,2000,c17.v,c17.v,bridging,61,55,6,55,0,0,1.5573770491803278,5,0.16393442622950818,1,0.9180327868852459,10,2.80327868852459,2.557377049180328,0.16393442622950818,56,7.0,10,90.1639344262295,c17.v,1372,55,11,55,1,fault_injection_fig_faultsweep/1000-2000/bridging/bridging_k1372_c17.v,0,1
1000-2000,1000,2000,c17.v,c17.v,glitch,17,11,6,0,11,0,0.35294117647058826,1,0.5294117647058824,1,0.7058823529411765,2,1.7058823529411764,1.3529411764705883,0.5294117647058824,12,1.5,2,64.70588235294117,c17.v,1372,11,11,11,1,fault_injection_fig_faultsweep/1000-2000/glitch/glitch_k1372_c17.v,0,1
1000-2000,1000,2000,c17.v,c17.v,stuck_at,17,11,6,0,0,11,0.35294117647058826,1,0.5294117647058824,1,0.7058823529411765,2,647059.2941176471,352942.1176470588,0.5294117647058824,12,1.5,2,64.70588235294117,c17.v,1372,11,11,11,1,fault_injection_fig_faultsweep/1000-2000/stuck_at/stuck_at_k1372_c17.v,0,1
1000-2000,1000,2000,c1908.v,c1908.v,bridging,1940,1461,479,1461,0,0,2.9835051546391753,3,0.2654639175257732,2,1.2577319587628866,20,989690.7474226804,990721.6716494845,0.2654639175257732,2440,6.25327868852459,20,75.30927835051547,c1908.v,1461,1461,512,130816,0,fault_injection_fig_faultsweep/1000-2000/bridging/bridging_k1461_c1908.v,0,1
1000-2000,1000,2000,c1908.v,c1908.v,glitch,991,512,479,0,512,0,0.48335015136226034,1,0.49142280524722504,1,0.9949545913218971,16,1.8617558022199798,1.6165489404641775,0.49142280524722504,986,4.306288032454361,16,51.66498486377397,c1908.v,1461,512,512,512,1,fault_injection_fig_faultsweep/1000-2000/glitch/glitch_k1461_c1908.v,0,1
1000-2000,1000,2000,c1908.v,c1908.v,stuck_at,991,512,479,0,0,512,0.48335015136226034,1,0.49142280524722504,1,0.9949545913218971,16,542886.7073662967,457114.87588294654,0.49142280524722504,986,4.306288032454361,16,51.66498486377397,c1908.v,1461,512,512,512,1,fault_injection_fig_faultsweep/1000-2000/stuck_at/stuck_at_k1461_c1908.v,0,1
1000-2000,1000,2000,c2670.v,c2670.v,bridging,2068,1369,699,1369,0,0,6.955512572533849,29,0.5024177949709865,4,1.248549323017408,24,53204.45696324952,84634.57253384913,0.5024177949709865,2582,4.801704105344694,24,66.19922630560929,c2670.v,1369,1369,1022,521731,0,fault_injection_fig_faultsweep/1000-2000/bridging/bridging_k1369_c2670.v,0,1
1000-2000,1000,2000,c2670.v,c2670.v,glitch,1721,1022,699,0,1022,0,0.4061592097617664,1,0.4787914003486345,1,0.8233585124927367,21,1.57699012202208,1.652527600232423,0.4787914003486345,1417,4.714890613973183,21,59.38407902382336,c2670.v,1369,1022,1022,1022,1,fault_injection_fig_faultsweep/1000-2000/glitch/glitch_k1369_c2670.v,0,1
1000-2000,1000,2000,c2670.v,c2670.v,stuck_at,1721,1022,699,0,0,1022,0.4061592097617664,1,0.4787914003486345,1,0.8233585124927367,21,477630.05694363744,522371.42533410806,0.4787914003486345,1417,4.714890613973183,21,59.38407902382336,c2670.v,1369,1022,1022,1022,1,fault_injection_fig_faultsweep/1000-2000/stuck_at/stuck_at_k1369_c2670.v,0,1
1000-2000,1000,2000,c3540.v,c3540.v,bridging,2194,1151,1043,1151,0,0,11.02461257976299,26,0.5797629899726527,3,1.4083865086599818,21,88499.19507748405,114977.64995442115,0.5797629899726527,3090,4.914563106796116,21,52.461257976298995,c3540.v,1151,1151,1093,596778,0,fault_injection_fig_faultsweep/1000-2000/bridging/bridging_k1151_c3540.v,0,1
1000-2000,1000,2000,c3540.v,c3540.v,glitch,2136,1093,1043,0,1093,0,0.48829588014981273,1,0.5056179775280899,1,0.9826779026217228,21,1.648876404494382,1.8220973782771535,0.5056179775280899,2099,4.8932825154835635,21,51.170411985018724,c3540.v,1151,1093,1093,1093,1,fault_injection_fig_faultsweep/1000-2000/glitch/glitch_k1151_c3540.v,0,1
1000-2000,1000,2000,c3540.v,c3540.v,stuck_at,2136,1093,1043,0,0,1093,0.48829588014981273,1,0.5056179775280899,1,0.9826779026217228,21,474251.78323970037,525749.8192883895,0.5056179775280899,2099,4.8932825154835635,21,51.170411985018724,c3540.v,1151,1093,1093,1093,1,fault_injection_fig_faultsweep/1000-2000/stuck_at/stuck_at_k1151_c3540.v,0,1
1000-2000,1000,2000,c432.v,c432.v,bridging,1382,1211,171,1211,0,0,6.841534008683068,15,0.1447178002894356,1,1.073082489146165,23,79602.19247467439,690305.8958031838,0.1447178002894356,1483,9.93863789615644,23,87.62662807525325,c432.v,1211,1211,207,21321,0,fault_injection_fig_faultsweep/1000-2000/bridging/bridging_k1211_c432.v,0,1
1000-2000,1000,2000,c432.v,c432.v,glitch,378,207,171,0,207,0,0.4523809523809524,1,0.5370370370370371,1,0.917989417989418,18,1.7857142857142858,1.6322751322751323,0.5370370370370371,347,3.7435158501440924,18,54.76190476190476,c432.v,1211,207,207,207,1,fault_injection_fig_faultsweep/1000-2000/glitch/glitch_k1211_c432.v,0,1
1000-2000,1000,2000,c432.v,c432.v,stuck_at,378,207,171,0,0,207,0.4523809523809524,1,0.5370370370370371,1,0.917989417989418,18,507937.2671957672,492064.3095238095,0.5370370370370371,347,3.7435158501440924,18,54.76190476190476,c432.v,1211,207,207,207,1,fault_injection_fig_faultsweep/1000-2000/stuck_at/stuck_at_k1211_c432.v,0,1
1000-2000,1000,2000,c499.v,c499.v,bridging,1534,1360,174,1360,0,0,6.27509778357236,16,0.13754889178617993,1,1.090612777053455,21,4571.436766623207,694265.5319426337,0.13754889178617993,1673,10.635385534967124,21,88.65710560625814,c499.v,1360,1360,215,23005,0,fault_injection_fig_faultsweep/1000-2000/bridging/bridging_k1360_c499.v,0,1
1000-2000,1000,2000,c499.v,c499.v,glitch,389,215,174,0,215,0,0.4473007712082262,1,0.4704370179948586,1,0.9665809768637532,8,1.7300771208226222,1.9511568123393317,0.4704370179948586,376,3.425531914893617,8,55.26992287917738,c499.v,1360,215,215,215,1,fault_injection_fig_faultsweep/1000-2000/glitch/glitch_k1360_c499.v,0,1
1000-2000,1000,2000,c499.v,c499.v,stuck_at,389,215,174,0,0,215,0.4473007712082262,1,0.4704370179948586,1,0.9665809768637532,8,437019.0,562982.7557840617,0.4704370179948586,376,3.425531914893617,8,55.26992287917738,c499.v,1360,215,215,215,1,fault_injection_fig_faultsweep/1000-2000/stuck_at/stuck_at_k1360_c499.v,0,1
1000-2000,1000,2000,c5315.v,c5315.v,bridging,3237,1651,1586,1651,0,0,7.790546802594996,31,0.6280506641952425,4,1.4640098856966326,43,55.84430027803522,65.64287920914427,0.6280506641952425,4739,6.152563832032074,43,51.00401606425703,c5315.v,1651,1651,1783,1588653,0,fault_injection_fig_faultsweep/1000-2000/bridging/bridging_k1651_c5315.v,0,1
1000-2000,1000,2000,c5315.v,c5315.v,glitch,3237,1651,1586,0,1651,0,0.4992276799505715,2,0.5449490268767377,3,1.0370713623725671,42,1.7791164658634537,1.8446092060549892,0.5449490268767377,3357,6.771820077450104,42,51.00401606425703,c5315.v,1651,1651,1783,1783,0,fault_injection_fig_faultsweep/1000-2000/glitch/glitch_k1651_c5315.v,0,1
1000-2000,1000,2000,c5315.v,c5315.v,stuck_at,3237,1651,1586,0,0,1651,0.49613839975285756,2,0.535681186283596,3,1.025949953660797,42,489033.8764287921,509114.1726907631,0.535681186283596,3321,6.709123757904246,42,51.00401606425703,c5315.v,1651,1651,1783,1783,0,fault_injection_fig_faultsweep/1000-2000/stuck_at/stuck_at_k1651_c5315.v,0,1
1000-2000,1000,2000,c6288.v,c6288.v,bridging,3519,1166,2353,1166,0,0,7.58226768968457,18,1.0048309178743962,4,1.5930662119920431,17,889742.028417164,955101.119920432,1.0048309178743962,5606,3.402425972172672,17,33.13441318556408,c6288.v,1166,1166,2385,2842920,0,fault_injection_fig_faultsweep/1000-2000/bridging/bridging_k1166_c6288.v,0,1
1000-2000,1000,2000,c6288.v,c6288.v,glitch,3519,1166,2353,0,1166,0,0.8158567774936062,4,0.9252628587666951,4,1.2600170502983803,16,2.0468883205456097,3.1966467746518896,0.9252628587666951,4434,2.9124943617501127,16,33.13441318556408,c6288.v,1166,1166,2385,2385,0,fault_injection_fig_faultsweep/1000-2000/glitch/glitch_k1166_c6288.v,0,1
1000-2000,1000,2000,c6288.v,c6288.v,stuck_at,3519,1166,2353,0,0,1166,0.8158567774936062,4,0.924410343847684,4,1.264563796533106,16,358057.99488491047,612959.5234441602,0.924410343847684,4450,2.959550561797753,16,33.13441318556408,c6288.v,1166,1166,2385,2385,0,fault_injection_fig_faultsweep/1000-2000/stuck_at/stuck_at_k1166_c6288.v,0,1
1000-2000,1000,2000,c7552.v,c7552.v,bridging,4036,1705,2331,1705,0,0,4.841179385530228,16,0.8141724479682855,4,1.461595639246779,92,17383.049306243807,21342.057978196233,0.8141724479682855,5899,5.250889981352771,92,42.24479682854311,c7552.v,1705,1705,2588,3347578,0,fault_injection_fig_faultsweep/1000-2000/bridging/bridging_k1705_c7552.v,0,1
1000-2000,1000,2000,c7552.v,c7552.v,glitch,4036,1705,2331,0,1705,0,0.6593161546085233,3,0.764370664023786,4,1.070366699702676,90,2.2893954410307233,2.1100099108027752,0.764370664023786,4320,5.214351851851852,90,42.24479682854311,c7552.v,1705,1705,2588,2588,0,fault_injection_fig_faultsweep/1000-2000/glitch/glitch_k1705_c7552.v,0,1
1000-2000,1000,2000,c7552.v,c7552.v,stuck_at,4036,1705,2331,0,0,1705,0.6476709613478692,3,0.7564420218037661,5,1.0641724479682855,90,507929.63553022797,475719.53666997026,0.7564420218037661,4295,5.182537834691502,90,42.24479682854311,c7552.v,1705,1705,2588,2588,0,fault_injection_fig_faultsweep/1000-2000/stuck_at/stuck_at_k1705_c7552.v,0,1
1000-2000,1000,2000,c880.v,c880.v,bridging,2273,1950,323,1950,0,0,7.552133743950726,17,0.16542014958205015,1,1.1258249010118786,18,309731.5697316322,216906.74043114827,0.16542014958205015,2559,8.628761234857366,18,85.78970523537176,c880.v,1950,1950,383,73153,0,fault_injection_fig_faultsweep/1000-2000/bridging/bridging_k1950_c880.v,0,1
1000-2000,1000,2000,c880.v,c880.v,glitch,706,383,323,0,383,0,0.45750708215297453,1,0.5084985835694051,1,0.9362606232294618,8,1.6699716713881019,1.7237960339943343,0.5084985835694051,661,3.1149773071104385,8,54.24929178470255,c880.v,1950,383,383,383,1,fault_injection_fig_faultsweep/1000-2000/glitch/glitch_k1950_c880.v,0,1
1000-2000,1000,2000,c880.v,c880.v,stuck_at,706,383,323,0,0,383,0.45750708215297453,1,0.5084985835694051,1,0.9362606232294618,8,466006.4702549575,533995.0764872521,0.5084985835694051,661,3.1149773071104385,8,54.24929178470255,c880.v,1950,383,383,383,1,fault_injection_fig_faultsweep/1000-2000/stuck_at/stuck_at_k1950_c880.v,0,1
1000-2000,1000,2000,cavlc.v,cavlc.v,bridging,2928,1687,1241,1687,0,0,34.24931693989071,72,0.4733606557377049,4,1.1612021857923498,39,824796.125,884222.0303961749,0.4733606557377049,3400,5.355294117647059,39,57.61612021857923,cavlc.v,1687,1687,1230,755835,0,fault_injection_fig_faultsweep/1000-2000/bridging/bridging_k1687_cavlc.v,0,1
1000-2000,1000,2000,cavlc.v,cavlc.v,glitch,2471,1230,1241,0,1230,0,0.4888709024686362,1,0.49777418049372724,1,0.6932416025900445,37,1.4900849858356942,1.6920275192229866,0.49777418049372724,1713,5.276707530647986,37,49.77741804937272,cavlc.v,1687,1230,1230,1230,1,fault_injection_fig_faultsweep/1000-2000/glitch/glitch_k1687_cavlc.v,0,1
1000-2000,1000,2000,cavlc.v,cavlc.v,stuck_at,2471,1230,1241,0,0,1230,0.4888709024686362,1,0.49777418049372724,1,0.6932416025900445,37,422097.2047753946,564549.4192634561,0.49777418049372724,1713,5.276707530647986,37,49.77741804937272,cavlc.v,1687,1230,1230,1230,1,fault_injection_fig_faultsweep/1000-2000/stuck_at/stuck_at_k1687_cavlc.v,0,1
1000-2000,1000,2000,ctrl.v,ctrl.v,bridging,1474,1168,306,1168,0,0,17.30393487109905,35,0.19810040705563092,2,1.0495251017639078,31,312764.6485753053,302589.0719131615,0.19810040705563092,1547,8.126050420168067,31,79.24016282225237,ctrl.v,1168,1168,296,43660,0,fault_injection_fig_faultsweep/1000-2000/bridging/bridging_k1168_ctrl.v,0,1
1000-2000,1000,2000,ctrl.v,ctrl.v,glitch,602,296,306,0,296,0,0.4833887043189369,1,0.46677740863787376,1,0.6495016611295681,23,1.4916943521594683,1.6411960132890366,0.46677740863787376,391,3.772378516624041,23,49.16943521594684,ctrl.v,1168,296,296,296,1,fault_injection_fig_faultsweep/1000-2000/glitch/glitch_k1168_ctrl.v,0,1
1000-2000,1000,2000,ctrl.v,ctrl.v,stuck_at,602,296,306,0,0,296,0.4833887043189369,1,0.46677740863787376,1,0.6495016611295681,23,406977.66445182724,568106.9202657808,0.46677740863787376,391,3.772378516624041,23,49.16943521594684,ctrl.v,1168,296,296,296,1,fault_injection_fig_faultsweep/1000-2000/stuck_at/stuck_at_k1168_ctrl.v,0,1
1000-2000,1000,2000,dec.v,dec.v,bridging,1852,1540,312,1540,0,0,3.583693304535637,7,0.03023758099352052,1,1.1511879049676026,63,4.583693304535637,5.344492440604752,0.03023758099352052,2132,45.210131332082554,63,83.15334773218143,dec.v,1749,1540,56,1540,1,fault_injection_fig_faultsweep/1000-2000/bridging/bridging_k1749_dec.v,0,1
1000-2000,1000,2000,dec.v,dec.v,glitch,368,56,312,0,56,0,0.8152173913043478,1,0.15217391304347827,1,1.608695652173913,16,1.815217391304348,2.608695652173913,0.15217391304347827,592,14.324324324324325,16,15.217391304347826,dec.v,1749,56,56,56,1,fault_injection_fig_faultsweep/1000-2000/glitch/glitch_k1749_dec.v,0,1
1000-2000,1000,2000,dec.v,dec.v,stuck_at,368,56,312,0,0,56,0.8152173913043478,1,0.15217391304347827,1,1.608695652173913,16,290762.17391304346,676631.1929347826,0.15217391304347827,592,14.324324324324325,16,15.217391304347826,dec.v,1749,56,56,56,1,fault_injection_fig_faultsweep/1000-2000/stuck_at/stuck_at_k1749_dec.v,0,1
1000-2000,1000,2000,div.v,div.v,bridging,102332,1347,100985,1347,0,0,4.741713247078138,12,11.11628816010632,60,1.515215181956768,1124,241.51470703201343,247.64692373842004,11.11628816010632,155055,15.780781013188868,1124,1.316303795489192,div.v,1347,1347,100857,5086016796,0,fault_injection_fig_faultsweep/1000-2000/bridging/bridging_k1347_div.v,0,1
1000-2000,1000,2000,div.v,div.v,glitch,102332,1347,100985,0,1347,0,4.239797912676386,11,11.84686119688856,91,1.5020521440018761,1124,58.41862760426846,59.764579994527615,11.84686119688856,153708,15.883922762640852,1124,1.316303795489192,div.v,1347,1347,100857,100857,0,fault_injection_fig_faultsweep/1000-2000/glitch/glitch_k1347_div.v,0,1
1000-2000,1000,2000,div.v,div.v,stuck_at,102332,1347,100985,0,0,1347,4.184624555368799,11,11.647529609506313,50,1.5020521440018761,1124,84515.78639135363,86073.23565453621,11.647529609506313,153708,15.883922762640852,1124,1.316303795489192,div.v,1347,1347,100857,100857,0,fault_injection_fig_faultsweep/1000-2000/stuck_at/stuck_at_k1347_div.v,0,1
1000-2000,1000,2000,i2c.v,i2c.v,bridging,3342,1320,2022,1320,0,0,5.473070017953321,19,0.9847396768402155,8,1.2944344703770196,95,30255.410532615202,41947.98862956314,0.9847396768402155,4326,6.159500693481276,95,39.497307001795335,i2c.v,1320,1320,2184,2383836,0,fault_injection_fig_faultsweep/1000-2000/bridging/bridging_k1320_i2c.v,0,1
1000-2000,1000,2000,i2c.v,i2c.v,glitch,3342,1320,2022,0,1320,0,0.7292040694195093,5,0.8575703171753442,7,0.9509275882704967,95,1.926690604428486,2.43147815679234,0.8575703171753442,3178,7.612964128382631,95,39.497307001795335,i2c.v,1320,1320,2184,2184,0,fault_injection_fig_faultsweep/1000-2000/glitch/glitch_k1320_i2c.v,0,1
1000-2000,1000,2000,i2c.v,i2c.v,stuck_at,3342,1320,2022,0,0,1320,0.7366846199880311,4,0.869539198084979,8,0.9482345900658289,95,420707.28336325556,540994.3889886296,0.869539198084979,3169,7.557273587882613,95,39.497307001795335,i2c.v,1320,1320,2184,2184,0,fault_injection_fig_faultsweep/1000-2000/stuck_at/stuck_at_k1320_i2c.v,0,1
1000-2000,1000,2000,int2float.v,int2float.v,bridging,1930,1523,407,1523,0,0,11.719689119170985,13,0.21450777202072538,2,1.060103626943005,24,812954.7119170985,831607.4663212436,0.21450777202072538,2046,7.432062561094819,24,78.9119170984456,int2float.v,1523,1523,400,79800,0,fault_injection_fig_faultsweep/1000-2000/bridging/bridging_k1523_int2float.v,0,1
1000-2000,1000,2000,int2float.v,int2float.v,glitch,807,400,407,0,400,0,0.4684014869888476,1,0.49566294919454773,1,0.6480793060718711,16,1.473358116480793,1.6431226765799256,0.49566294919454773,523,3.0726577437858507,16,49.56629491945477,int2float.v,1523,400,400,400,1,fault_injection_fig_faultsweep/1000-2000/glitch/glitch_k1523_int2float.v,0,1
1000-2000,1000,2000,int2float.v,int2float.v,stuck_at,807,400,407,0,0,400,0.4684014869888476,1,0.49566294919454773,1,0.6480793060718711,16,458489.0309789343,505576.9591078067,0.49566294919454773,523,3.0726577437858507,16,49.56629491945477,int2float.v,1523,400,400,400,1,fault_injection_fig_faultsweep/1000-2000/stuck_at/stuck_at_k1523_int2float.v,0,1
1000-2000,1000,2000,log2.v,log2.v,bridging,48588,1842,46746,1842,0,0,8.22945994895859,22,6.66613155511649,56,1.618630114431547,118,530.3416687247881,632.8079361159134,6.66613155511649,78646,11.641100628131118,118,3.7910595208693505,log2.v,1842,1842,46714,1091075541,0,fault_injection_fig_faultsweep/1000-2000/bridging/bridging_k1842_log2.v,0,1
1000-2000,1000,2000,log2.v,log2.v,glitch,48588,1842,46746,0,1842,0,4.697270931094097,16,7.241047172141269,54,1.5807195192228534,118,44.19476002305096,51.68428418539557,7.241047172141269,76804,11.82079058382376,118,3.7910595208693505,log2.v,1842,1842,46714,46714,0,fault_injection_fig_faultsweep/1000-2000/glitch/glitch_k1842_log2.v,0,1
1000-2000,1000,2000,log2.v,log2.v,stuck_at,48588,1842,46746,0,0,1842,4.663085535523175,17,7.225096731703301,47,1.5807195192228534,118,119817.74580143245,152807.06608627643,7.225096731703301,76804,11.82079058382376,118,3.7910595208693505,log2.v,1842,1842,46714,46714,0,fault_injection_fig_faultsweep/1000-2000/stuck_at/stuck_at_k1842_log2.v,0,1
1000-2000,1000,2000,max.v,max.v,bridging,6629,1566,5063,1566,0,0,5.230653190526475,18,1.7863931211344095,14,1.184492381958063,129,13.32161713682305,15.376829084326445,1.7863931211344095,7852,12.117931737137035,129,23.62347262030472,max.v,1566,1566,4933,12164778,0,fault_injection_fig_faultsweep/1000-2000/bridging/bridging_k1566_max.v,0,1
1000-2000,1000,2000,max.v,max.v,glitch,6629,1566,5063,0,1566,0,1.3926685774626641,8,1.792125509126565,16,0.9482576557550159,129,3.416804947955951,3.8004223864836324,1.792125509126565,6286,14.159720012726694,129,23.62347262030472,max.v,1566,1566,4933,4933,0,fault_injection_fig_faultsweep/1000-2000/glitch/glitch_k1566_max.v,0,1
1000-2000,1000,2000,max.v,max.v,stuck_at,6629,1566,5063,0,0,1566,1.4680947352541862,8,1.8787147382712324,15,0.9482576557550159,129,363405.2099864233,392218.14587418915,1.8787147382712324,6286,14.159720012726694,129,23.62347262030472,max.v,1566,1566,4933,4933,0,fault_injection_fig_faultsweep/1000-2000/stuck_at/stuck_at_k1566_max.v,0,1
1000-2000,1000,2000,memctrl.v,memctrl.v,bridging,82925,1572,81353,1572,0,0,3.6059571902321377,13,12.164015676816401,88,1.4209225203497136,370,18.89779921615918,19.865504974374435,12.164015676816401,117830,14.53129084273954,370,1.8956888754899006,memctrl.v,1572,1572,82792,3427216236,0,fault_injection_fig_faultsweep/1000-2000/bridging/bridging_k1572_memctrl.v,0,1
1000-2000,1000,2000,memctrl.v,memctrl.v,glitch,82925,1572,81353,0,1572,0,3.145119083509195,12,12.566041603858908,63,1.3949834187518841,321,14.636382273138379,15.430509496533011,12.566041603858908,115679,13.33987154107487,321,1.8956888754899006,memctrl.v,1572,1572,82792,82792,0,fault_injection_fig_faultsweep/1000-2000/glitch/glitch_k1572_memctrl.v,0,1
1000-2000,1000,2000,memctrl.v,memctrl.v,stuck_at,82925,1572,81353,0,0,1572,3.143069038287609,11,12.58267108833283,67,1.3943684051854086,321,67229.67289719626,72692.90655411516,12.58267108833283,115628,13.242242363441381,321,1.8956888754899006,memctrl.v,1572,1572,82792,82792,0,fault_injection_fig_faultsweep/1000-2000/stuck_at/stuck_at_k1572_memctrl.v,0,1
1000-2000,1000,2000,multiplier.v,multiplier.v,bridging,44288,1314,42974,1314,0,0,10.051232839595375,23,7.273527817919075,25,1.4471865968208093,65,437.3597588511561,443.06405798410407,7.273527817919075,64093,7.258000093613967,65,2.966943641618497,multiplier.v,1314,1314,42846,917868435,0,fault_injection_fig_faultsweep/1000-2000/bridging/bridging_k1314_multiplier.v,0,1
1000-2000,1000,2000,multiplier.v,multiplier.v,glitch,44288,1314,42974,0,1314,0,5.94027727601156,19,8.01675397398844,29,1.4175171604046244,65,42.86206195809248,44.32166726878613,8.01675397398844,62779,7.329250226986732,65,2.966943641618497,multiplier.v,1314,1314,42846,42846,0,fault_injection_fig_faultsweep/1000-2000/glitch/glitch_k1314_multiplier.v,0,1
1000-2000,1000,2000,multiplier.v,multiplier.v,stuck_at,44288,1314,42974,0,0,1314,5.557374458092486,17,7.837111632947977,29,1.4175171604046244,65,95426.27120213151,117307.03637554191,7.837111632947977,62779,7.329250226986732,65,2.966943641618497,multiplier.v,1314,1314,42846,42846,0,fault_injection_fig_faultsweep/1000-2000/stuck_at/stuck_at_k1314_multiplier.v,0,1
1000-2000,1000,2000,router.v,router.v,bridging,1537,1172,365,1172,0,0,8.042290175666883,24,0.2420299284320104,2,1.0780741704619388,12,11732.925178919973,16943.769681197136,0.2420299284320104,1657,5.869040434520217,12,76.25243981782694,router.v,1172,1172,362,65341,0,fault_injection_fig_faultsweep/1000-2000/bridging/bridging_k1172_router.v,0,1
1000-2000,1000,2000,router.v,router.v,glitch,727,362,365,0,362,0,0.41815680880330125,1,0.49793672627235214,1,0.6671251719394773,4,1.419532324621733,1.6657496561210454,0.49793672627235214,485,1.5649484536082474,4,49.79367262723521,router.v,1172,362,362,362,1,fault_injection_fig_faultsweep/1000-2000/glitch/glitch_k1172_router.v,0,1
1000-2000,1000,2000,router.v,router.v,stuck_at,727,362,365,0,0,362,0.41815680880330125,1,0.49793672627235214,1,0.6671251719394773,4,376892.2352132049,539202.8418156808,0.49793672627235214,485,1.5649484536082474,4,49.79367262723521,router.v,1172,362,362,362,1,fault_injection_fig_faultsweep/1000-2000/stuck_at/stuck_at_k1172_router.v,0,1
1000-2000,1000,2000,sin.v,sin.v,bridging,8879,1224,7655,1224,0,0,8.309944813605135,18,2.599504448699178,13,1.6016443293163645,65,51047.73792093704,91095.5114314675,2.599504448699178,14221,4.9139301033682585,65,13.78533618650749,sin.v,1224,1224,7630,29104635,0,fault_injection_fig_faultsweep/1000-2000/bridging/bridging_k1224_sin.v,0,1
1000-2000,1000,2000,sin.v,sin.v,glitch,8879,1224,7655,0,1224,0,2.2614033111836918,9,2.756616736118932,17,1.4637909674512894,65,11.092690618312874,14.886361076697826,2.756616736118932,12997,4.93213818573517,65,13.78533618650749,sin.v,1224,1224,7630,7630,0,fault_injection_fig_faultsweep/1000-2000/glitch/glitch_k1224_sin.v,0,1
1000-2000,1000,2000,sin.v,sin.v,stuck_at,8879,1224,7655,0,0,1224,2.2547584187408494,9,2.6560423471111614,14,1.4637909674512894,65,389690.8208131546,477088.16139204864,2.6560423471111614,12997,4.93213818573517,65,13.78533618650749,sin.v,1224,1224,7630,7630,0,fault_injection_fig_faultsweep/1000-2000/stuck_at/stuck_at_k1224_sin.v,0,1
1000-2000,1000,2000,sqrt.v,sqrt.v,bridging,38508,1711,36797,1711,0,0,4.196712371455282,11,5.310454970395762,25,1.621559156538901,5672,772751.6786122364,819493.6559675911,5.310454970395762,62443,518.1960027545122,5672,4.443232575049341,sqrt.v,1711,1711,36733,674638278,0,fault_injection_fig_faultsweep/1000-2000/bridging/bridging_k1711_sqrt.v,0,1
1000-2000,1000,2000,sqrt.v,sqrt.v,glitch,38508,1711,36797,0,1711,0,3.280461202866937,8,5.62716838059624,24,1.5771268307884077,5672,691.8910096603303,735.4520878778436,5.62716838059624,60732,532.681782256471,5672,4.443232575049341,sqrt.v,1711,1711,36733,36733,0,fault_injection_fig_faultsweep/1000-2000/glitch/glitch_k1711_sqrt.v,0,1
1000-2000,1000,2000,sqrt.v,sqrt.v,stuck_at,38508,1711,36797,0,0,1711,3.2695024410512104,8,5.58678716110938,30,1.5771268307884077,5672,265727.68248156225,323990.7346006025,5.58678716110938,60732,532.681782256471,5672,4.443232575049341,sqrt.v,1711,1711,36733,36733,0,fault_injection_fig_faultsweep/1000-2000/stuck_at/stuck_at_k1711_sqrt.v,0,1
1000-2000,1000,2000,square.v,square.v,bridging,36596,1334,35262,1334,0,0,6.359274237621598,21,6.454585200568368,24,1.3837031369548585,40,66.54022297518854,68.04150726855394,6.454585200568368,50638,2.6694182234685413,40,3.6452071264619086,square.v,1334,1334,35136,617251680,0,fault_injection_fig_faultsweep/1000-2000/bridging/bridging_k1334_square.v,0,1
1000-2000,1000,2000,square.v,square.v,glitch,36596,1334,35262,0,1334,0,3.992622144496666,15,6.829161657011695,27,1.3472510656902394,40,24.864110831784895,25.42698655590775,6.829161657011695,49304,2.6387311374330684,40,3.6452071264619086,square.v,1334,1334,35136,35136,0,fault_injection_fig_faultsweep/1000-2000/glitch/glitch_k1334_square.v,0,1
1000-2000,1000,2000,square.v,square.v,stuck_at,36596,1334,35262,0,0,1334,3.975980981528036,14,6.758006339490655,26,1.3472510656902394,40,82768.40165591869,85638.38067001858,6.758006339490655,49304,2.6387311374330684,40,3.6452071264619086,square.v,1334,1334,35136,35136,0,fault_injection_fig_faultsweep/1000-2000/stuck_at/stuck_at_k1334_square.v,0,1
1000-2000,1000,2000,voter.v,voter.v,bridging,27463,1470,25993,1470,0,0,7.244583621599971,20,4.947056039034337,20,1.391581400429669,5,120.91672431999417,126.48840257801406,4.947056039034337,38217,1.8017897794175366,5,5.352656301205258,voter.v,1470,1470,25993,337805028,0,fault_injection_fig_faultsweep/1000-2000/bridging/bridging_k1470_voter.v,0,1
1000-2000,1000,2000,voter.v,voter.v,glitch,27463,1470,25993,0,1470,0,3.5525252157448204,12,5.16323781087281,24,1.3380548374176164,5,20.8192841277355,21.83901977205695,5.16323781087281,36747,1.7186436988053446,5,5.352656301205258,voter.v,1470,1470,25993,25993,0,fault_injection_fig_faultsweep/1000-2000/glitch/glitch_k1470_voter.v,0,1
1000-2000,1000,2000,voter.v,voter.v,stuck_at,27463,1470,25993,0,0,1470,3.5369770236317954,13,5.154862906455959,21,1.3380548374176164,5,138092.94436150457,146506.52448749225,5.154862906455959,36747,1.7186436988053446,5,5.352656301205258,voter.v,1470,1470,25993,25993,0,fault_injection_fig_faultsweep/1000-2000/stuck_at/stuck_at_k1470_voter.v,0,1
500-1000,500,1000,Priority.v,Priority.v,bridging,2539,723,1816,723,0,0,5.066561638440331,18,1.3895234344230012,8,1.2753052382827885,6,29.65261914139425,33.71484836549823,1.3895234344230012,3238,2.34651019147622,6,28.4757778653013,Priority.v,723,723,1809,1635336,0,fault_injection_fig_faultsweep/500-1000/bridging/bridging_k723_Priority.v,0,1
500-1000,500,1000,Priority.v,Priority.v,glitch,2539,723,1816,0,723,0,1.0606538007089406,6,1.3966128397006696,9,0.9905474596297755,5,2.6526191413942497,3.0295391886569516,1.3966128397006696,2515,1.8047713717693836,5,28.4757778653013,Priority.v,723,723,1809,1809,0,fault_injection_fig_faultsweep/500-1000/glitch/glitch_k723_Priority.v,0,1
500-1000,500,1000,Priority.v,Priority.v,stuck_at,2539,723,1816,0,0,723,1.067743205986609,6,1.3725876329263489,8,0.9905474596297755,5,403703.7183930681,456086.6025994486,1.3725876329263489,2515,1.8047713717693836,5,28.4757778653013,Priority.v,723,723,1809,1809,0,fault_injection_fig_faultsweep/500-1000/stuck_at/stuck_at_k723_Priority.v,0,1
500-1000,500,1000,adder.v,adder.v,bridging,3156,994,2162,994,0,0,4.116920152091255,17,0.9958808618504436,5,1.1603295310519646,6,4130.628010139417,7619.349809885932,0.9958808618504436,3662,2.2004369197160023,6,31.49556400506971,adder.v,994,994,2034,2067561,0,fault_injection_fig_faultsweep/500-1000/bridging/bridging_k994_adder.v,0,1
500-1000,500,1000,adder.v,adder.v,glitch,3156,994,2162,0,994,0,0.7816856780735107,4,0.9480354879594424,5,0.8453738910012675,3,2.07446134347275,2.429340937896071,0.9480354879594424,2668,1.4767616191904047,3,31.49556400506971,adder.v,994,994,2034,2034,0,fault_injection_fig_faultsweep/500-1000/glitch/glitch_k994_adder.v,0,1
500-1000,500,1000,adder.v,adder.v,stuck_at,3156,994,2162,0,0,994,0.7870722433460076,4,0.9695817490494296,6,0.8453738910012675,3,356148.3060836502,441065.9220532319,0.9695817490494296,2668,1.4767616191904047,3,31.49556400506971,adder.v,994,994,2034,2034,0,fault_injection_fig_faultsweep/500-1000/stuck_at/stuck_at_k994_adder.v,0,1
500-1000,500,1000,arbiter.v,arbiter.v,bridging,23760,571,23189,571,0,0,2.982912457912458,7,20.548400673400675,128,1.4713383838383838,43,8.904924242424242,9.077104377104376,20.548400673400675,34959,13.42415400898195,43,2.403198653198653,arbiter.v,571,571,23061,265893330,0,fault_injection_fig_faultsweep/500-1000/bridging/bridging_k571_arbiter.v,0,1
500-1000,500,1000,arbiter.v,arbiter.v,glitch,23760,571,23189,0,571,0,2.694107744107744,4,27.222306397306397,169,1.4473063973063973,42,7.514562289562289,7.657828282828283,27.222306397306397,34388,13.588577410724671,42,2.403198653198653,arbiter.v,571,571,23061,23061,0,fault_injection_fig_faultsweep/500-1000/glitch/glitch_k571_arbiter.v,0,1
500-1000,500,1000,arbiter.v,arbiter.v,stuck_at,23760,571,23189,0,0,571,2.6960858585858585,4,27.845622895622895,169,1.4473063973063973,42,66800.03518518519,69030.86452020203,27.845622895622895,34388,13.588577410724671,42,2.403198653198653,arbiter.v,571,571,23061,23061,0,fault_injection_fig_faultsweep/500-1000/stuck_at/stuck_at_k571_arbiter.v,0,1
500-1000,500,1000,bar.v,bar.v,bridging,3726,767,2959,767,0,0,3.3362855609232422,11,1.5877616747181964,6,1.6851851851851851,257,9.832528180354267,16.923242082662373,1.5877616747181964,6279,38.44163083293518,257,20.585077831454644,bar.v,767,767,2831,4005865,0,fault_injection_fig_faultsweep/500-1000/bridging/bridging_k767_bar.v,0,1
500-1000,500,1000,bar.v,bar.v,glitch,3726,767,2959,0,767,0,1.0579710144927537,4,1.6146001073537306,6,1.4793344068706387,256,2.9374664519592057,3.706924315619968,1.6146001073537306,5512,43.033381712627,256,20.585077831454644,bar.v,767,767,2831,2831,0,fault_injection_fig_faultsweep/500-1000/glitch/glitch_k767_bar.v,0,1
500-1000,500,1000,bar.v,bar.v,stuck_at,3726,767,2959,0,0,767,1.1229200214707462,4,1.5974235104669887,6,1.4793344068706387,256,200485.43773483628,286100.89640365005,1.5974235104669887,5512,43.033381712627,256,20.585077831454644,bar.v,767,767,2831,2831,0,fault_injection_fig_faultsweep/500-1000/stuck_at/stuck_at_k767_bar.v,0,1
500-1000,500,1000,c1355.v,c1355.v,bridging,1407,889,518,889,0,0,11.697228144989339,44,0.4093816631130064,2,1.320540156361052,11,449904.7960199005,274354.2068230277,0.4093816631130064,1858,4.386437029063509,11,63.18407960199005,c1355.v,889,889,559,155961,0,fault_injection_fig_faultsweep/500-1000/bridging/bridging_k889_c1355.v,0,1
500-1000,500,1000,c1355.v,c1355.v,glitch,1077,559,518,0,559,0,0.4809656453110492,1,0.489322191272052,1,0.958217270194986,8,1.8727948003714021,1.5663881151346333,0.489322191272052,1032,3.0930232558139537,8,51.903435468895076,c1355.v,889,559,559,559,1,fault_injection_fig_faultsweep/500-1000/glitch/glitch_k889_c1355.v,0,1
500-1000,500,1000,c1355.v,c1355.v,stuck_at,1077,559,518,0,0,559,0.4809656453110492,1,0.489322191272052,1,0.958217270194986,8,570102.8319405756,429898.7530176416,0.489322191272052,1032,3.0930232558139537,8,51.903435468895076,c1355.v,889,559,559,559,1,fault_injection_fig_faultsweep/500-1000/stuck_at/stuck_at_k889_c1355.v,0,1
500-1000,500,1000,c17.v,c17.v,bridging,61,55,6,55,0,0,1.8360655737704918,4,0.16393442622950818,1,0.9180327868852459,10,3.098360655737705,2.8360655737704916,0.16393442622950818,56,7.0,10,90.1639344262295,c17.v,614,55,11,55,1,fault_injection_fig_faultsweep/500-1000/bridging/bridging_k614_c17.v,0,1
500-1000,500,1000,c17.v,c17.v,glitch,17,11,6,0,11,0,0.35294117647058826,1,0.5294117647058824,1,0.7058823529411765,2,1.7058823529411764,1.3529411764705883,0.5294117647058824,12,1.5,2,64.70588235294117,c17.v,614,11,11,11,1,fault_injection_fig_faultsweep/500-1000/glitch/glitch_k614_c17.v,0,1
500-1000,500,1000,c17.v,c17.v,stuck_at,17,11,6,0,0,11,0.35294117647058826,1,0.5294117647058824,1,0.7058823529411765,2,470589.0,529412.4705882353,0.5294117647058824,12,1.5,2,64.70588235294117,c17.v,614,11,11,11,1,fault_injection_fig_faultsweep/500-1000/stuck_at/stuck_at_k614_c17.v,0,1
500-1000,500,1000,c1908.v,c1908.v,bridging,1010,531,479,531,0,0,7.97920792079208,23,0.5584158415841585,4,1.400990099009901,17,777229.1831683168,670299.001980198,0.5584158415841585,1415,4.748409893992933,17,52.57425742574257,c1908.v,531,531,512,130816,0,fault_injection_fig_faultsweep/500-1000/bridging/bridging_k531_c1908.v,0,1
500-1000,500,1000,c1908.v,c1908.v,glitch,991,512,479,0,512,0,0.48335015136226034,1,0.49142280524722504,1,0.9949545913218971,16,1.8617558022199798,1.6165489404641775,0.49142280524722504,986,4.306288032454361,16,51.66498486377397,c1908.v,531,512,512,512,1,fault_injection_fig_faultsweep/500-1000/glitch/glitch_k531_c1908.v,0,1
500-1000,500,1000,c1908.v,c1908.v,stuck_at,991,512,479,0,0,512,0.48335015136226034,1,0.49142280524722504,1,0.9949545913218971,16,541877.5923309788,458123.9545913219,0.49142280524722504,986,4.306288032454361,16,51.66498486377397,c1908.v,531,512,512,512,1,fault_injection_fig_faultsweep/500-1000/stuck_at/stuck_at_k531_c1908.v,0,1
500-1000,500,1000,c2670.v,c2670.v,bridging,1219,520,699,520,0,0,3.5488105004101724,15,0.9729286300246104,5,1.328137817883511,21,16.281378178835112,21.400328137817883,0.9729286300246104,1619,3.9623224212476837,21,42.65791632485644,c2670.v,520,520,1022,521731,0,fault_injection_fig_faultsweep/500-1000/bridging/bridging_k520_c2670.v,0,1
500-1000,500,1000,c2670.v,c2670.v,glitch,1219,520,699,0,520,0,0.6800656275635767,4,0.9360131255127153,6,1.0008203445447088,21,2.2600492206726823,2.302707136997539,0.9360131255127153,1220,4.036065573770492,21,42.65791632485644,c2670.v,520,520,1022,1022,0,fault_injection_fig_faultsweep/500-1000/glitch/glitch_k520_c2670.v,0,1
500-1000,500,1000,c2670.v,c2670.v,stuck_at,1219,520,699,0,0,520,0.6882690730106645,3,0.9975389663658737,6,1.0065627563576702,21,459394.1033634126,476621.31993437244,0.9975389663658737,1227,4.092094539527302,21,42.65791632485644,c2670.v,520,520,1022,1022,0,fault_injection_fig_faultsweep/500-1000/stuck_at/stuck_at_k520_c2670.v,0,1
500-1000,500,1000,c3540.v,c3540.v,bridging,1585,542,1043,542,0,0,7.9003154574132495,22,1.0788643533123028,8,1.5261829652996846,22,478249.08454258676,596227.5463722397,1.0788643533123028,2419,4.4601074824307565,22,34.19558359621451,c3540.v,542,542,1093,596778,0,fault_injection_fig_faultsweep/500-1000/bridging/bridging_k542_c3540.v,0,1
500-1000,500,1000,c3540.v,c3540.v,glitch,1585,542,1043,0,542,0,0.8397476340694007,4,1.0750788643533122,7,1.1709779179810726,16,2.4025236593059938,2.758359621451104,1.0750788643533122,1856,4.0592672413793105,16,34.19558359621451,c3540.v,542,542,1093,1093,0,fault_injection_fig_faultsweep/500-1000/glitch/glitch_k542_c3540.v,0,1
500-1000,500,1000,c3540.v,c3540.v,stuck_at,1585,542,1043,0,0,542,0.8580441640378549,5,1.0858044164037854,7,1.1892744479495267,17,444796.3009463722,528076.8643533123,1.0858044164037854,1885,4.146949602122016,17,34.19558359621451,c3540.v,542,542,1093,1093,0,fault_injection_fig_faultsweep/500-1000/stuck_at/stuck_at_k542_c3540.v,0,1
500-1000,500,1000,c432.v,c432.v,bridging,853,682,171,682,0,0,7.145369284876905,19,0.23446658851113716,2,1.141852286049238,22,83245.98241500586,241510.2121922626,0.23446658851113716,974,6.683778234086242,22,79.95310668229777,c432.v,682,682,207,21321,0,fault_injection_fig_faultsweep/500-1000/bridging/bridging_k682_c432.v,0,1
500-1000,500,1000,c432.v,c432.v,glitch,378,207,171,0,207,0,0.4523809523809524,1,0.5370370370370371,1,0.917989417989418,18,1.7857142857142858,1.6322751322751323,0.5370370370370371,347,3.7435158501440924,18,54.76190476190476,c432.v,682,207,207,207,1,fault_injection_fig_faultsweep/500-1000/glitch/glitch_k682_c432.v,0,1
500-1000,500,1000,c432.v,c432.v,stuck_at,378,207,171,0,0,207,0.4523809523809524,1,0.5370370370370371,1,0.917989417989418,18,537037.7566137566,462963.8333333333,0.5370370370370371,347,3.7435158501440924,18,54.76190476190476,c432.v,682,207,207,207,1,fault_injection_fig_faultsweep/500-1000/stuck_at/stuck_at_k682_c432.v,0,1
500-1000,500,1000,c499.v,c499.v,bridging,719,545,174,545,0,0,4.140472878998609,9,0.2948539638386648,2,1.211404728789986,13,539640.3268428373,620308.4089012517,0.2948539638386648,871,5.835820895522388,13,75.79972183588318,c499.v,545,545,215,23005,0,fault_injection_fig_faultsweep/500-1000/bridging/bridging_k545_c499.v,0,1
500-1000,500,1000,c499.v,c499.v,glitch,389,215,174,0,215,0,0.4473007712082262,1,0.4704370179948586,1,0.9665809768637532,8,1.7300771208226222,1.9511568123393317,0.4704370179948586,376,3.425531914893617,8,55.26992287917738,c499.v,545,215,215,215,1,fault_injection_fig_faultsweep/500-1000/glitch/glitch_k545_c499.v,0,1
500-1000,500,1000,c499.v,c499.v,stuck_at,389,215,174,0,0,215,0.4473007712082262,1,0.4704370179948586,1,0.9665809768637532,8,426736.21336760925,573265.5141388174,0.4704370179948586,376,3.425531914893617,8,55.26992287917738,c499.v,545,215,215,215,1,fault_injection_fig_faultsweep/500-1000/stuck_at/stuck_at_k545_c499.v,0,1
500-1000,500,1000,c5315.v,c5315.v,bridging,2312,726,1586,726,0,0,3.499567474048443,15,1.1721453287197232,6,1.532006920415225,42,36.0795847750865,42.61851211072664,1.1721453287197232,3542,5.915302089215133,42,31.401384083044984,c5315.v,726,726,1783,1588653,0,fault_injection_fig_faultsweep/500-1000/bridging/bridging_k726_c5315.v,0,1
500-1000,500,1000,c5315.v,c5315.v,glitch,2312,726,1586,0,726,0,0.8832179930795848,5,1.1596020761245676,8,1.319204152249135,42,2.8780276816608996,2.9044117647058822,1.1596020761245676,3050,6.7186885245901635,42,31.401384083044984,c5315.v,726,726,1783,1783,0,fault_injection_fig_faultsweep/500-1000/glitch/glitch_k726_c5315.v,0,1
500-1000,500,1000,c5315.v,c5315.v,stuck_at,2312,726,1586,0,0,726,0.8810553633217993,4,1.1003460207612457,6,1.2833044982698962,42,447233.2608131488,479672.7326989619,1.1003460207612457,2967,6.355578024941018,42,31.401384083044984,c5315.v,726,726,1783,1783,0,fault_injection_fig_faultsweep/500-1000/stuck_at/stuck_at_k726_c5315.v,0,1
500-1000,500,1000,c6288.v,c6288.v,bridging,3285,932,2353,932,0,0,4.8931506849315065,13,1.158904109589041,6,1.602130898021309,18,188.90045662100457,353.70228310502284,1.158904109589041,5263,3.082842485274558,18,28.37138508371385,c6288.v,932,932,2385,2842920,0,fault_injection_fig_faultsweep/500-1000/bridging/bridging_k932_c6288.v,0,1
500-1000,500,1000,c6288.v,c6288.v,glitch,3285,932,2353,0,932,0,0.9366818873668189,4,1.121765601217656,6,1.330289193302892,16,2.367123287671233,3.763165905631659,1.121765601217656,4370,2.720823798627002,16,28.37138508371385,c6288.v,932,932,2385,2385,0,fault_injection_fig_faultsweep/500-1000/glitch/glitch_k932_c6288.v,0,1
500-1000,500,1000,c6288.v,c6288.v,stuck_at,3285,932,2353,0,0,932,0.8834094368340943,4,1.1092846270928463,5,1.3010654490106546,16,314157.42374429223,529377.8928462709,1.1092846270928463,4274,2.4225549836219,16,28.37138508371385,c6288.v,932,932,2385,2385,0,fault_injection_fig_faultsweep/500-1000/stuck_at/stuck_at_k932_c6288.v,0,1
500-1000,500,1000,c7552.v,c7552.v,bridging,3234,903,2331,903,0,0,4.641311069882499,13,1.3593073593073592,7,1.5649350649350648,90,460128.2699443414,359325.96691403835,1.3593073593073592,5061,5.131199367713891,90,27.92207792207792,c7552.v,903,903,2588,3347578,0,fault_injection_fig_faultsweep/500-1000/bridging/bridging_k903_c7552.v,0,1
500-1000,500,1000,c7552.v,c7552.v,glitch,3234,903,2331,0,903,0,1.0708101422387137,5,1.3364254792826222,10,1.3048855905998764,90,3.663265306122449,3.5293753865182436,1.3364254792826222,4220,5.228436018957346,90,27.92207792207792,c7552.v,903,903,2588,2588,0,fault_injection_fig_faultsweep/500-1000/glitch/glitch_k903_c7552.v,0,1
500-1000,500,1000,c7552.v,c7552.v,stuck_at,3234,903,2331,0,0,903,1.0683364254792826,5,1.3376623376623376,8,1.3039579468150897,90,428882.8472479901,413112.83178726037,1.3376623376623376,4217,5.234764050272705,90,27.92207792207792,c7552.v,903,903,2588,2588,0,fault_injection_fig_faultsweep/500-1000/stuck_at/stuck_at_k903_c7552.v,0,1
500-1000,500,1000,c880.v,c880.v,bridging,1093,770,323,770,0,0,5.979871912168344,14,0.35773101555352244,3,1.2479414455626716,10,40.39432753888381,39.17200365965233,0.35773101555352244,1364,4.818181818181818,10,70.44830741079598,c880.v,770,770,383,73153,0,fault_injection_fig_faultsweep/500-1000/bridging/bridging_k770_c880.v,0,1
500-1000,500,1000,c880.v,c880.v,glitch,706,383,323,0,383,0,0.45750708215297453,1,0.5084985835694051,1,0.9362606232294618,8,1.6699716713881019,1.7237960339943343,0.5084985835694051,661,3.1149773071104385,8,54.24929178470255,c880.v,770,383,383,383,1,fault_injection_fig_faultsweep/500-1000/glitch/glitch_k770_c880.v,0,1
500-1000,500,1000,c880.v,c880.v,stuck_at,706,383,323,0,0,383,0.45750708215297453,1,0.5084985835694051,1,0.9362606232294618,8,504250.0609065156,495751.492917847,0.5084985835694051,661,3.1149773071104385,8,54.24929178470255,c880.v,770,383,383,383,1,fault_injection_fig_faultsweep/500-1000/stuck_at/stuck_at_k770_c880.v,0,1
500-1000,500,1000,cavlc.v,cavlc.v,bridging,1893,652,1241,652,0,0,4.660327522451135,17,1.196513470681458,9,1.249339672477549,38,18499.625462229265,24312.515055467513,1.196513470681458,2365,5.081183932346723,38,34.44268357105124,cavlc.v,652,652,1230,755835,0,fault_injection_fig_faultsweep/500-1000/bridging/bridging_k652_cavlc.v,0,1
500-1000,500,1000,cavlc.v,cavlc.v,glitch,1893,652,1241,0,652,0,0.8816693079767565,6,1.1304807184363443,9,0.9049128367670365,37,2.134706814580032,2.473322768092974,1.1304807184363443,1713,5.276707530647986,37,34.44268357105124,cavlc.v,652,652,1230,1230,0,fault_injection_fig_faultsweep/500-1000/glitch/glitch_k652_cavlc.v,0,1
500-1000,500,1000,cavlc.v,cavlc.v,stuck_at,1893,652,1241,0,0,652,0.8763866877971473,4,1.13946117274168,10,0.9049128367670365,37,410460.88325409405,459061.06180665613,1.13946117274168,1713,5.276707530647986,37,34.44268357105124,cavlc.v,652,652,1230,1230,0,fault_injection_fig_faultsweep/500-1000/stuck_at/stuck_at_k652_cavlc.v,0,1
500-1000,500,1000,ctrl.v,ctrl.v,bridging,865,559,306,559,0,0,13.047398843930635,30,0.36878612716763004,3,1.092485549132948,25,55509.901734104045,89038.00693641619,0.36878612716763004,945,5.347089947089947,25,64.6242774566474,ctrl.v,559,559,296,43660,0,fault_injection_fig_faultsweep/500-1000/bridging/bridging_k559_ctrl.v,0,1
500-1000,500,1000,ctrl.v,ctrl.v,glitch,602,296,306,0,296,0,0.4833887043189369,1,0.46677740863787376,1,0.6495016611295681,23,1.4916943521594683,1.6411960132890366,0.46677740863787376,391,3.772378516624041,23,49.16943521594684,ctrl.v,559,296,296,296,1,fault_injection_fig_faultsweep/500-1000/glitch/glitch_k559_ctrl.v,0,1
500-1000,500,1000,ctrl.v,ctrl.v,stuck_at,602,296,306,0,0,296,0.4833887043189369,1,0.46677740863787376,1,0.6495016611295681,23,443522.4335548173,531562.1777408638,0.46677740863787376,391,3.772378516624041,23,49.16943521594684,ctrl.v,559,296,296,296,1,fault_injection_fig_faultsweep/500-1000/stuck_at/stuck_at_k559_ctrl.v,0,1
500-1000,500,1000,dec.v,dec.v,bridging,954,642,312,642,0,0,3.443396226415094,6,0.05870020964360587,1,1.2935010482180294,44,4.443396226415095,5.945492662473795,0.05870020964360587,1234,25.80551053484603,44,67.29559748427673,dec.v,642,642,56,1540,0,fault_injection_fig_faultsweep/500-1000/bridging/bridging_k642_dec.v,0,1
500-1000,500,1000,dec.v,dec.v,glitch,368,56,312,0,56,0,0.8152173913043478,1,0.15217391304347827,1,1.608695652173913,16,1.815217391304348,2.608695652173913,0.15217391304347827,592,14.324324324324325,16,15.217391304347826,dec.v,642,56,56,56,1,fault_injection_fig_faultsweep/500-1000/glitch/glitch_k642_dec.v,0,1
500-1000,500,1000,dec.v,dec.v,stuck_at,368,56,312,0,0,56,0.8152173913043478,1,0.15217391304347827,1,1.608695652173913,16,317936.04891304346,649457.3125,0.15217391304347827,592,14.324324324324325,16,15.217391304347826,dec.v,642,56,56,56,1,fault_injection_fig_faultsweep/500-1000/stuck_at/stuck_at_k642_dec.v,0,1
500-1000,500,1000,div.v,div.v,bridging,101812,827,100985,827,0,0,4.628953365025733,12,14.077377912230386,92,1.5178466192590265,1124,174.8093348524732,176.13115349860527,14.077377912230386,154535,15.819490730255282,1124,0.8122814599457824,div.v,827,827,100857,5086016796,0,fault_injection_fig_faultsweep/500-1000/bridging/bridging_k827_div.v,0,1
500-1000,500,1000,div.v,div.v,glitch,101812,827,100985,0,827,0,4.351923152477115,10,14.273847876478214,61,1.5097238046595687,1124,85.72318587199938,87.1085923073901,14.273847876478214,153708,15.883922762640852,1124,0.8122814599457824,div.v,827,827,100857,100857,0,fault_injection_fig_faultsweep/500-1000/glitch/glitch_k827_div.v,0,1
500-1000,500,1000,div.v,div.v,stuck_at,101812,827,100985,0,0,827,4.303235375004911,10,14.670490708364436,98,1.5097238046595687,1124,129402.73132833064,136152.4253526107,14.670490708364436,153708,15.883922762640852,1124,0.8122814599457824,div.v,827,827,100857,100857,0,fault_injection_fig_faultsweep/500-1000/stuck_at/stuck_at_k827_div.v,0,1
500-1000,500,1000,i2c.v,i2c.v,bridging,2527,505,2022,505,0,0,3.1349426197071626,12,2.041551246537396,13,1.336367233874159,95,3571.8876137712705,4366.627225959636,2.041551246537396,3377,6.449215279834172,95,19.98417095370004,i2c.v,505,505,2184,2383836,0,fault_injection_fig_faultsweep/500-1000/bridging/bridging_k505_i2c.v,0,1
500-1000,500,1000,i2c.v,i2c.v,glitch,2527,505,2022,0,505,0,1.370003957261575,6,2.110407597942224,12,1.1662049861495845,95,3.5053423031262367,4.32409972299169,2.110407597942224,2947,6.845945028842891,95,19.98417095370004,i2c.v,505,505,2184,2184,0,fault_injection_fig_faultsweep/500-1000/glitch/glitch_k505_i2c.v,0,1
500-1000,500,1000,i2c.v,i2c.v,stuck_at,2527,505,2022,0,0,505,1.3248911753066879,6,2.2318955282944204,20,1.1745152354570638,95,341909.28611001186,455878.4218440839,2.2318955282944204,2968,7.715633423180593,95,19.98417095370004,i2c.v,505,505,2184,2184,0,fault_injection_fig_faultsweep/500-1000/stuck_at/stuck_at_k505_i2c.v,0,1
500-1000,500,1000,int2float.v,int2float.v,bridging,1220,813,407,813,0,0,17.44016393442623,39,0.3557377049180328,2,1.0950819672131147,20,454929.3786885246,403290.61475409835,0.3557377049180328,1336,5.312874251497006,20,66.63934426229508,int2float.v,813,813,400,79800,0,fault_injection_fig_faultsweep/500-1000/bridging/bridging_k813_int2float.v,0,1
500-1000,500,1000,int2float.v,int2float.v,glitch,807,400,407,0,400,0,0.4684014869888476,1,0.49566294919454773,1,0.6480793060718711,16,1.473358116480793,1.6431226765799256,0.49566294919454773,523,3.0726577437858507,16,49.56629491945477,int2float.v,813,400,400,400,1,fault_injection_fig_faultsweep/500-1000/glitch/glitch_k813_int2float.v,0,1
500-1000,500,1000,int2float.v,int2float.v,stuck_at,807,400,407,0,0,400,0.4684014869888476,1,0.49566294919454773,1,0.6480793060718711,16,451054.1003717472,513011.8847583643,0.49566294919454773,523,3.0726577437858507,16,49.56629491945477,int2float.v,813,400,400,400,1,fault_injection_fig_faultsweep/500-1000/stuck_at/stuck_at_k813_int2float.v,0,1
500-1000,500,1000,log2.v,log2.v,bridging,47578,832,46746,832,0,0,8.192715120433814,23,10.387048635924167,49,1.631762579343394,118,892.495270923536,1086.7429274034218,10.387048635924167,77636,11.739888711422536,118,1.7487073857665307,log2.v,832,832,46714,1091075541,0,fault_injection_fig_faultsweep/500-1000/bridging/bridging_k832_log2.v,0,1
500-1000,500,1000,log2.v,log2.v,glitch,47578,832,46746,0,832,0,5.688175207028459,17,11.388414813569296,73,1.6142755054857287,118,104.61143805960738,119.298120980285,11.388414813569296,76804,11.82079058382376,118,1.7487073857665307,log2.v,832,832,46714,46714,0,fault_injection_fig_faultsweep/500-1000/glitch/glitch_k832_log2.v,0,1
500-1000,500,1000,log2.v,log2.v,stuck_at,47578,832,46746,0,0,832,6.024128799024759,18,11.264428937744336,57,1.6142755054857287,118,75469.61541048384,102456.69897851949,11.264428937744336,76804,11.82079058382376,118,1.7487073857665307,log2.v,832,832,46714,46714,0,fault_injection_fig_faultsweep/500-1000/stuck_at/stuck_at_k832_log2.v,0,1
500-1000,500,1000,max.v,max.v,bridging,5764,701,5063,701,0,0,4.457668285912561,13,3.527411519777932,27,1.212179042331714,129,13.452984038861901,14.489590562109646,3.527411519777932,6987,13.085015027908973,129,12.161693268563498,max.v,701,701,4933,12164778,0,fault_injection_fig_faultsweep/500-1000/bridging/bridging_k701_max.v,0,1
500-1000,500,1000,max.v,max.v,glitch,5764,701,5063,0,701,0,2.1976058292852185,8,4.77029840388619,49,1.0905621096460791,129,5.714087439278279,6.092470506592644,4.77029840388619,6286,14.159720012726694,129,12.161693268563498,max.v,701,701,4933,4933,0,fault_injection_fig_faultsweep/500-1000/glitch/glitch_k701_max.v,0,1
500-1000,500,1000,max.v,max.v,stuck_at,5764,701,5063,0,0,701,2.200555170020819,9,4.02029840388619,35,1.0905621096460791,129,250004.693962526,266139.45454545453,4.02029840388619,6286,14.159720012726694,129,12.161693268563498,max.v,701,701,4933,4933,0,fault_injection_fig_faultsweep/500-1000/stuck_at/stuck_at_k701_max.v,0,1
500-1000,500,1000,memctrl.v,memctrl.v,bridging,82237,884,81353,884,0,0,3.5179420455512727,12,14.387015576930093,67,1.4172331189124117,321,19.459014798691587,20.30553157337938,14.387015576930093,116549,13.41424636848021,321,1.0749419361114827,memctrl.v,884,884,82792,3427216236,0,fault_injection_fig_faultsweep/500-1000/bridging/bridging_k884_memctrl.v,0,1
500-1000,500,1000,memctrl.v,memctrl.v,glitch,82237,884,81353,0,884,0,3.2382625825358415,12,15.599292289358804,98,1.4051947420260953,321,15.817296350791006,16.47774116273697,15.599292289358804,115559,13.230254675101031,321,1.0749419361114827,memctrl.v,884,884,82792,82792,0,fault_injection_fig_faultsweep/500-1000/glitch/glitch_k884_memctrl.v,0,1
500-1000,500,1000,memctrl.v,memctrl.v,stuck_at,82237,884,81353,0,0,884,3.246069287546968,12,15.464657027858507,98,1.407176818220509,321,81155.70169145275,86068.73865778178,15.464657027858507,115722,13.483797376471198,321,1.0749419361114827,memctrl.v,884,884,82792,82792,0,fault_injection_fig_faultsweep/500-1000/stuck_at/stuck_at_k884_memctrl.v,0,1
500-1000,500,1000,multiplier.v,multiplier.v,bridging,43894,920,42974,920,0,0,10.141910056044106,22,8.788444889962182,28,1.4512006196746707,65,132.26750808766573,140.25431721875427,8.788444889962182,63699,7.2760796872792355,65,2.0959584453456053,multiplier.v,920,920,42846,917868435,0,fault_injection_fig_faultsweep/500-1000/bridging/bridging_k920_multiplier.v,0,1
500-1000,500,1000,multiplier.v,multiplier.v,glitch,43894,920,42974,0,920,0,6.283911240716271,17,9.114434774684467,33,1.4302410352212147,65,51.785551556021325,53.14323142115096,9.114434774684467,62779,7.329250226986732,65,2.0959584453456053,multiplier.v,920,920,42846,42846,0,fault_injection_fig_faultsweep/500-1000/glitch/glitch_k920_multiplier.v,0,1
500-1000,500,1000,multiplier.v,multiplier.v,stuck_at,43894,920,42974,0,0,920,6.499931653528956,19,9.2324007837062,29,1.4302410352212147,65,63694.93860208685,72603.96477878526,9.2324007837062,62779,7.329250226986732,65,2.0959584453456053,multiplier.v,920,920,42846,42846,0,fault_injection_fig_faultsweep/500-1000/stuck_at/stuck_at_k920_multiplier.v,0,1
500-1000,500,1000,router.v,router.v,bridging,883,518,365,518,0,0,5.603624009060023,16,0.4563986409966025,3,1.1359003397508494,9,54367.86070215175,135909.35220838053,0.4563986409966025,1003,3.4167497507477567,9,58.66364665911665,router.v,518,518,362,65341,0,fault_injection_fig_faultsweep/500-1000/bridging/bridging_k518_router.v,0,1
500-1000,500,1000,router.v,router.v,glitch,727,362,365,0,362,0,0.41815680880330125,1,0.49793672627235214,1,0.6671251719394773,4,1.419532324621733,1.6657496561210454,0.49793672627235214,485,1.5649484536082474,4,49.79367262723521,router.v,518,362,362,362,1,fault_injection_fig_faultsweep/500-1000/glitch/glitch_k518_router.v,0,1
500-1000,500,1000,router.v,router.v,stuck_at,727,362,365,0,0,362,0.41815680880330125,1,0.49793672627235214,1,0.6671251719394773,4,425035.2077028886,491059.8858321871,0.49793672627235214,485,1.5649484536082474,4,49.79367262723521,router.v,518,362,362,362,1,fault_injection_fig_faultsweep/500-1000/stuck_at/stuck_at_k518_router.v,0,1
500-1000,500,1000,sin.v,sin.v,bridging,8175,520,7655,520,0,0,8.304709480122325,20,4.34262996941896,17,1.6534556574923547,65,11787.204281345566,15176.053088685016,4.34262996941896,13517,4.912406599097433,65,6.36085626911315,sin.v,520,520,7630,29104635,0,fault_injection_fig_faultsweep/500-1000/bridging/bridging_k520_sin.v,0,1
500-1000,500,1000,sin.v,sin.v,glitch,8175,520,7655,0,520,0,3.4735168195718655,12,4.765749235474006,22,1.5898470948012233,65,26.04012232415902,30.772232415902142,4.765749235474006,12997,4.93213818573517,65,6.36085626911315,sin.v,520,520,7630,7630,0,fault_injection_fig_faultsweep/500-1000/glitch/glitch_k520_sin.v,0,1
500-1000,500,1000,sin.v,sin.v,stuck_at,8175,520,7655,0,0,520,3.4826911314984708,10,4.679633027522936,19,1.5898470948012233,65,269809.4694801223,314950.6826911315,4.679633027522936,12997,4.93213818573517,65,6.36085626911315,sin.v,520,520,7630,7630,0,fault_injection_fig_faultsweep/500-1000/stuck_at/stuck_at_k520_sin.v,0,1
500-1000,500,1000,sqrt.v,sqrt.v,bridging,37743,946,36797,946,0,0,4.127149405187717,10,7.18493495482606,42,1.6341573271864982,5672,783969.0569377103,828006.9410221763,7.18493495482606,61678,524.5721651156003,5672,2.5064250324563497,sqrt.v,946,946,36733,674638278,0,fault_injection_fig_faultsweep/500-1000/bridging/bridging_k946_sqrt.v,0,1
500-1000,500,1000,sqrt.v,sqrt.v,glitch,37743,946,36797,0,946,0,3.5868107993535223,8,7.757094030681186,70,1.6090930768619347,5672,8321.853853694725,8682.666057282146,7.757094030681186,60732,532.681782256471,5672,2.5064250324563497,sqrt.v,946,946,36733,36733,0,fault_injection_fig_faultsweep/500-1000/glitch/glitch_k946_sqrt.v,0,1
500-1000,500,1000,sqrt.v,sqrt.v,stuck_at,37743,946,36797,0,0,946,3.593037119465861,8,7.840341255332114,80,1.6090930768619347,5672,1659924.5377685928,1812938.6693956496,7.840341255332114,60732,532.681782256471,5672,2.5064250324563497,sqrt.v,946,946,36733,36733,0,fault_injection_fig_faultsweep/500-1000/stuck_at/stuck_at_k946_sqrt.v,0,1
500-1000,500,1000,square.v,square.v,bridging,35959,697,35262,697,0,0,6.527016880335938,23,8.620428821713618,26,1.3905002919992213,40,86.75394198948803,88.18604521816513,8.620428821713618,50001,2.6572868542629147,40,1.938318640674101,square.v,697,697,35136,617251680,0,fault_injection_fig_faultsweep/500-1000/bridging/bridging_k697_square.v,0,1
500-1000,500,1000,square.v,square.v,glitch,35959,697,35262,0,697,0,4.850051447481854,17,9.18092827942935,31,1.3711171055924802,40,46.900191885202595,47.672738396507135,9.18092827942935,49304,2.6387311374330684,40,1.938318640674101,square.v,697,697,35136,35136,0,fault_injection_fig_faultsweep/500-1000/glitch/glitch_k697_square.v,0,1
500-1000,500,1000,square.v,square.v,stuck_at,35959,697,35262,0,0,697,4.824717038849801,19,9.297533301815957,30,1.3711171055924802,40,41435.75447036903,41102.98336994911,9.297533301815957,49304,2.6387311374330684,40,1.938318640674101,square.v,697,697,35136,35136,0,fault_injection_fig_faultsweep/500-1000/stuck_at/stuck_at_k697_square.v,0,1
500-1000,500,1000,voter.v,voter.v,bridging,26912,919,25993,919,0,0,7.385850178359096,22,6.1982387039239,22,1.3995986920332937,5,196.75616825208087,207.68787158145065,6.1982387039239,37666,1.770190622842882,5,3.414833531510107,voter.v,919,919,25993,337805028,0,fault_injection_fig_faultsweep/500-1000/bridging/bridging_k919_voter.v,0,1
500-1000,500,1000,voter.v,voter.v,glitch,26912,919,25993,0,919,0,4.246581450653983,13,6.429548156956005,22,1.3654503567181926,5,44.94106718192628,46.63332342449465,6.429548156956005,36747,1.7186436988053446,5,3.414833531510107,voter.v,919,919,25993,25993,0,fault_injection_fig_faultsweep/500-1000/glitch/glitch_k919_voter.v,0,1
500-1000,500,1000,voter.v,voter.v,stuck_at,26912,919,25993,0,0,919,4.342337990487515,15,6.464365338882283,30,1.3654503567181926,5,82678.45444411415,87151.8715442925,6.464365338882283,36747,1.7186436988053446,5,3.414833531510107,voter.v,919,919,25993,25993,0,fault_injection_fig_faultsweep/500-1000/stuck_at/stuck_at_k919_voter.v,0,1
